data,id_loja,faturamento_bruto,descontos,num_tickets,horas_trabalhadas_equipe,custo_insumos,valor_desperdicio
2025-07-01,LJ01,8936.94,1118.45,340,81.0,2534.01,208.92
2025-07-01,LJ02,5418.14,208.54,198,54.0,1405.75,77.55
2025-07-01,LJ03,5943.66,335.56,232,62.0,1695.71,88.38
2025-07-01,LJ04,5441.03,185.55,205,44.0,1632.08,84.09
2025-07-01,LJ05,3602.32,61.38,205,21.0,974.42,19.87
2025-07-01,LJ06,7788.28,365.76,269,96.0,2206.77,59.23
2025-07-01,LJ07,4863.64,185.28,188,42.0,1282.0,50.92
2025-07-01,LJ08,6043.11,330.0,259,53.0,2233.26,155.26
2025-07-01,LJ09,5063.89,297.87,204,80.0,1552.52,73.73
2025-07-02,LJ01,10340.76,1442.53,379,75.0,2908.08,297.38
2025-07-02,LJ02,6074.59,211.01,209,54.0,1640.01,60.29
2025-07-02,LJ03,5336.58,286.13,203,68.0,1616.89,59.37
2025-07-02,LJ04,4928.96,200.83,187,50.0,1356.31,62.5
2025-07-02,LJ05,3433.72,63.89,207,21.0,880.34,12.59
2025-07-02,LJ06,6637.01,370.41,236,95.0,1723.15,85.17
2025-07-02,LJ07,4351.7,165.48,177,43.0,1201.56,37.59
2025-07-02,LJ08,6770.38,458.78,291,51.0,2296.02,164.54
2025-07-02,LJ09,5633.27,250.69,216,86.0,1747.99,76.49
2025-07-03,LJ01,8774.68,1121.16,348,83.0,2669.59,165.25
2025-07-03,LJ02,5752.81,234.27,199,53.0,1617.0,80.62
2025-07-03,LJ03,5437.67,326.63,212,63.0,1614.73,59.57
2025-07-03,LJ04,4959.02,213.64,198,50.0,1300.84,65.34
2025-07-03,LJ05,3532.36,70.27,200,20.0,839.13,14.8
2025-07-03,LJ06,7786.12,363.55,272,95.0,2225.55,74.24
2025-07-03,LJ07,4448.51,194.47,181,39.0,1185.96,49.4
2025-07-03,LJ08,5873.14,371.82,256,52.0,2176.77,158.22
2025-07-03,LJ09,5202.83,208.17,208,74.0,1554.87,104.21
2025-07-04,LJ01,10035.38,1090.34,397,84.0,2904.89,191.61
2025-07-04,LJ02,7819.0,332.55,284,60.0,2260.39,109.91
2025-07-04,LJ03,6142.53,278.63,249,64.0,1703.92,95.66
2025-07-04,LJ04,7086.77,212.99,266,50.0,1949.07,114.19
2025-07-04,LJ05,4181.92,86.81,237,22.0,1112.94,22.32
2025-07-04,LJ06,8203.9,462.47,279,91.0,2325.13,74.83
2025-07-04,LJ07,6428.4,281.71,256,48.0,1892.08,86.96
2025-07-04,LJ08,6950.71,341.23,310,54.0,2477.02,109.49
2025-07-04,LJ09,6063.9,258.74,232,78.0,1923.69,145.68
2025-07-05,LJ01,7810.39,832.47,297,68.0,2359.74,263.02
2025-07-05,LJ02,7036.78,359.82,262,61.0,1912.02,103.11
2025-07-05,LJ03,3924.48,262.24,157,58.0,1073.44,74.46
2025-07-05,LJ04,7892.18,354.47,305,56.0,2274.3,115.89
2025-07-05,LJ05,2122.3,41.27,125,18.0,523.38,11.67
2025-07-05,LJ06,6147.47,234.96,205,92.0,1651.76,42.24
2025-07-05,LJ07,6870.17,207.53,274,44.0,2019.19,116.05
2025-07-05,LJ08,4314.81,298.93,200,49.0,1467.23,83.09
2025-07-05,LJ09,5022.87,266.64,188,72.0,1513.37,112.95
2025-07-06,LJ01,3487.79,447.58,136,59.0,975.63,71.83
2025-07-06,LJ02,5969.5,258.01,210,62.0,1543.02,79.63
2025-07-06,LJ03,2589.02,165.98,102,52.0,772.94,42.94
2025-07-06,LJ04,6523.5,258.55,246,46.0,1941.29,97.97
2025-07-06,LJ05,1191.63,27.15,73,16.0,313.05,4.21
2025-07-06,LJ06,3064.23,155.95,103,75.0,870.31,23.25
2025-07-06,LJ07,4904.87,166.5,189,41.0,1345.92,69.79
2025-07-06,LJ08,2861.17,160.14,129,43.0,983.28,56.58
2025-07-06,LJ09,2470.85,108.21,96,68.0,759.87,29.44
2025-07-07,LJ01,7898.05,926.86,300,71.0,2206.8,135.1
2025-07-07,LJ02,4973.05,224.68,182,53.0,1359.17,43.65
2025-07-07,LJ03,5668.94,295.03,227,65.0,1722.68,109.06
2025-07-07,LJ04,5708.52,204.81,217,48.0,1697.84,82.7
2025-07-07,LJ05,3676.36,64.81,222,21.0,911.92,16.22
2025-07-07,LJ06,7418.86,357.55,258,85.0,1894.64,87.35
2025-07-07,LJ07,5008.1,187.01,191,43.0,1456.21,59.36
2025-07-07,LJ08,5821.3,359.75,268,53.0,2129.45,134.64
2025-07-07,LJ09,5034.24,261.13,195,82.0,1461.08,60.98
2025-07-08,LJ01,7962.81,915.02,315,83.0,2478.35,141.85
2025-07-08,LJ02,5566.04,207.05,206,56.0,1439.2,49.71
2025-07-08,LJ03,4890.07,279.9,195,67.0,1431.24,61.88
2025-07-08,LJ04,4521.45,209.28,173,45.0,1338.69,58.26
2025-07-08,LJ05,3754.11,89.06,227,20.0,978.45,19.35
2025-07-08,LJ06,5878.21,220.13,214,95.0,1586.58,41.95
2025-07-08,LJ07,4251.68,120.23,166,41.0,1234.16,66.36
2025-07-08,LJ08,5551.33,324.0,248,57.0,2157.96,135.23
2025-07-08,LJ09,4886.42,279.11,199,78.0,1359.48,62.53
2025-07-09,LJ01,9628.65,1317.99,351,79.0,2743.4,267.5
2025-07-09,LJ02,6200.1,295.22,221,59.0,1638.96,85.1
2025-07-09,LJ03,5632.36,293.0,222,63.0,1646.56,106.83
2025-07-09,LJ04,5687.82,228.53,212,47.0,1597.64,79.95
2025-07-09,LJ05,3458.95,88.52,199,20.0,821.36,10.46
2025-07-09,LJ06,7388.67,352.18,259,91.0,2110.1,57.86
2025-07-09,LJ07,4699.31,201.88,191,39.0,1310.91,43.34
2025-07-09,LJ08,5626.22,339.83,249,57.0,1928.52,145.7
2025-07-09,LJ09,5177.1,293.82,193,79.0,1440.38,106.66
2025-07-10,LJ01,7789.18,833.91,299,77.0,2326.38,178.43
2025-07-10,LJ02,6910.09,290.54,249,56.0,1844.78,79.88
2025-07-10,LJ03,5631.03,332.16,216,72.0,1656.8,57.69
2025-07-10,LJ04,5887.38,181.91,228,46.0,1735.76,55.97
2025-07-10,LJ05,3381.91,61.37,195,21.0,820.13,13.24
2025-07-10,LJ06,7056.12,359.39,253,96.0,1997.89,60.64
2025-07-10,LJ07,5085.38,210.19,192,42.0,1508.84,51.06
2025-07-10,LJ08,5952.1,317.42,259,60.0,2152.68,163.3
2025-07-10,LJ09,4888.34,278.57,194,77.0,1523.94,63.61
2025-07-11,LJ01,9136.96,889.75,345,75.0,2749.17,224.49
2025-07-11,LJ02,8273.28,274.18,287,65.0,2322.41,124.05
2025-07-11,LJ03,5467.93,320.78,209,64.0,1603.99,56.94
2025-07-11,LJ04,7732.89,288.79,282,50.0,2115.26,123.64
2025-07-11,LJ05,3994.13,67.32,226,20.0,1059.05,13.96
2025-07-11,LJ06,8094.7,455.67,283,97.0,2213.6,82.36
2025-07-11,LJ07,6583.2,186.21,258,42.0,1738.27,60.17
2025-07-11,LJ08,6625.89,308.83,301,54.0,2537.16,159.56
2025-07-11,LJ09,6222.56,305.79,239,80.0,1842.29,135.33
2025-07-12,LJ01,6001.81,569.8,238,73.0,1830.22,203.58
2025-07-12,LJ02,8757.56,339.06,317,68.0,2279.15,123.57
2025-07-12,LJ03,4415.13,269.11,175,59.0,1180.39,47.31
2025-07-12,LJ04,8677.3,348.21,330,57.0,2361.1,126.28
2025-07-12,LJ05,2375.76,58.96,138,19.0,566.03,7.12
2025-07-12,LJ06,5604.42,264.29,200,91.0,1561.85,59.11
2025-07-12,LJ07,5964.84,178.17,242,43.0,1566.21,61.92
2025-07-12,LJ08,4411.61,270.74,189,48.0,1699.55,98.61
2025-07-12,LJ09,4885.62,234.32,181,78.0,1403.78,72.03
2025-07-13,LJ01,3991.51,459.72,145,58.0,1217.91,125.11
2025-07-13,LJ02,6780.16,261.51,238,56.0,1903.1,80.6
2025-07-13,LJ03,2543.67,113.38,100,52.0,777.38,33.56
2025-07-13,LJ04,6702.97,288.42,249,51.0,1830.89,93.34
2025-07-13,LJ05,1184.89,27.88,69,17.0,317.11,6.62
2025-07-13,LJ06,3032.05,123.3,108,72.0,841.01,40.28
2025-07-13,LJ07,4793.88,203.33,193,40.0,1252.87,61.57
2025-07-13,LJ08,2921.37,200.98,134,43.0,1102.98,72.3
2025-07-13,LJ09,2872.42,165.54,108,66.0,861.08,48.33
2025-07-14,LJ01,8178.37,927.15,324,72.0,2320.19,249.25
2025-07-14,LJ02,5726.78,226.74,206,56.0,1642.81,53.55
2025-07-14,LJ03,5228.59,234.29,200,69.0,1596.54,57.07
2025-07-14,LJ04,5765.22,223.61,218,50.0,1557.65,57.97
2025-07-14,LJ05,3026.99,67.15,186,20.0,778.83,16.21
2025-07-14,LJ06,6047.24,344.07,212,93.0,1687.08,66.69
2025-07-14,LJ07,3824.47,107.41,150,39.0,1098.7,56.09
2025-07-14,LJ08,5250.03,357.15,224,58.0,1832.54,117.43
2025-07-14,LJ09,5128.19,239.36,195,80.0,1434.97,71.87
2025-07-15,LJ01,9961.17,1359.38,369,83.0,2768.96,177.33
2025-07-15,LJ02,5322.75,247.45,187,58.0,1529.63,46.14
2025-07-15,LJ03,5136.64,285.45,212,65.0,1455.64,100.41
2025-07-15,LJ04,4363.7,160.15,174,44.0,1290.02,69.14
2025-07-15,LJ05,3180.04,69.11,187,20.0,796.19,13.92
2025-07-15,LJ06,5767.71,292.07,210,92.0,1608.54,50.42
2025-07-15,LJ07,4786.49,166.37,180,43.0,1434.5,67.1
2025-07-15,LJ08,6127.68,394.01,263,55.0,2093.88,96.85
2025-07-15,LJ09,6162.37,358.75,232,75.0,1714.08,83.61
2025-07-16,LJ01,9236.22,847.93,341,76.0,2639.13,164.75
2025-07-16,LJ02,5150.07,227.54,192,59.0,1446.35,46.74
2025-07-16,LJ03,5983.47,293.06,229,65.0,1849.7,73.55
2025-07-16,LJ04,5589.33,236.62,223,45.0,1514.25,76.64
2025-07-16,LJ05,3463.23,70.55,201,20.0,833.59,17.26
2025-07-16,LJ06,7228.14,329.21,243,96.0,1911.9,71.8
2025-07-16,LJ07,4154.32,120.5,170,39.0,1103.62,52.69
2025-07-16,LJ08,6198.43,415.03,267,51.0,2269.11,91.16
2025-07-16,LJ09,5666.57,349.2,225,81.0,1578.54,88.21
2025-07-17,LJ01,8367.64,1158.1,302,75.0,2351.56,148.55
2025-07-17,LJ02,5788.05,219.04,201,53.0,1606.46,76.87
2025-07-17,LJ03,5841.98,385.64,236,68.0,1609.03,106.83
2025-07-17,LJ04,5558.84,165.72,218,52.0,1669.69,63.83
2025-07-17,LJ05,3664.98,89.34,208,22.0,926.01,11.66
2025-07-17,LJ06,8006.77,380.02,266,88.0,2161.06,106.49
2025-07-17,LJ07,4822.29,186.18,193,40.0,1300.77,48.39
2025-07-17,LJ08,6328.17,354.05,275,53.0,2163.87,167.22
2025-07-17,LJ09,5574.28,225.52,221,86.0,1688.41,125.09
2025-07-18,LJ01,9775.79,1289.4,384,79.0,2910.45,214.73
2025-07-18,LJ02,7294.89,261.61,250,57.0,2077.17,65.11
2025-07-18,LJ03,5915.96,341.75,241,71.0,1685.74,112.2
2025-07-18,LJ04,6662.97,277.77,258,56.0,1798.02,69.68
2025-07-18,LJ05,3632.84,89.13,209,20.0,937.18,15.88
2025-07-18,LJ06,7055.19,301.5,253,89.0,1913.91,81.7
2025-07-18,LJ07,6916.06,248.79,263,42.0,2032.87,83.66
2025-07-18,LJ08,6511.55,333.99,281,61.0,2364.8,98.2
2025-07-18,LJ09,6209.77,279.14,234,76.0,1844.54,105.55
2025-07-19,LJ01,7290.1,880.03,284,66.0,2203.19,250.15
2025-07-19,LJ02,8728.74,395.55,309,60.0,2307.76,108.96
2025-07-19,LJ03,4796.98,285.97,195,64.0,1430.7,75.99
2025-07-19,LJ04,8846.58,320.5,338,55.0,2599.31,154.2
2025-07-19,LJ05,2062.8,42.8,128,19.0,502.07,6.4
2025-07-19,LJ06,4759.51,269.76,171,92.0,1323.81,48.73
2025-07-19,LJ07,6128.61,251.43,241,46.0,1796.08,97.66
2025-07-19,LJ08,4415.51,224.85,199,51.0,1533.8,93.82
2025-07-19,LJ09,4629.57,207.48,174,71.0,1364.8,82.41
2025-07-20,LJ01,4017.87,557.15,148,68.0,1158.11,134.85
2025-07-20,LJ02,7496.87,264.84,262,55.0,1944.16,101.49
2025-07-20,LJ03,2736.8,162.75,109,57.0,732.71,46.29
2025-07-20,LJ04,6936.98,221.42,258,48.0,1885.21,102.75
2025-07-20,LJ05,1088.54,19.15,64,17.0,274.53,6.19
2025-07-20,LJ06,3213.83,143.4,109,72.0,869.74,27.83
2025-07-20,LJ07,5034.84,173.69,196,45.0,1359.14,69.07
2025-07-20,LJ08,2458.42,144.69,107,45.0,837.14,54.64
2025-07-20,LJ09,2677.32,139.89,108,62.0,765.56,48.32
2025-07-21,LJ01,9563.73,1027.64,357,72.0,2754.86,217.35
2025-07-21,LJ02,5572.58,206.66,199,51.0,1645.39,55.22
2025-07-21,LJ03,5055.87,225.82,194,63.0,1578.22,85.13
2025-07-21,LJ04,5261.44,212.11,205,44.0,1509.01,86.67
2025-07-21,LJ05,2954.14,71.39,183,21.0,775.02,16.94
2025-07-21,LJ06,7234.37,384.34,251,97.0,1868.93,60.38
2025-07-21,LJ07,3779.69,138.31,150,40.0,1001.58,54.89
2025-07-21,LJ08,6205.69,292.52,267,56.0,2410.88,152.13
2025-07-21,LJ09,4813.31,213.33,190,83.0,1351.86,93.71
2025-07-22,LJ01,8251.66,954.58,301,79.0,2557.9,157.89
2025-07-22,LJ02,5112.65,231.14,188,54.0,1417.83,56.63
2025-07-22,LJ03,5125.42,254.97,214,64.0,1527.22,55.23
2025-07-22,LJ04,5839.48,234.57,221,51.0,1749.7,85.08
2025-07-22,LJ05,3800.98,96.95,227,21.0,933.85,13.8
2025-07-22,LJ06,7060.96,295.69,235,87.0,1897.97,84.37
2025-07-22,LJ07,4342.93,161.93,167,40.0,1185.69,59.29
2025-07-22,LJ08,6588.7,412.52,286,54.0,2553.28,202.42
2025-07-22,LJ09,4975.45,210.97,200,78.0,1415.05,65.02
2025-07-23,LJ01,9431.73,1012.1,356,72.0,2679.65,191.44
2025-07-23,LJ02,5129.47,248.98,183,56.0,1379.13,68.0
2025-07-23,LJ03,5245.74,310.16,213,71.0,1530.13,69.69
2025-07-23,LJ04,4692.23,212.48,186,45.0,1385.47,43.35
2025-07-23,LJ05,3283.7,81.43,192,22.0,884.43,11.81
2025-07-23,LJ06,7124.3,408.43,248,91.0,1982.72,99.13
2025-07-23,LJ07,4049.12,158.78,163,39.0,1198.69,51.56
2025-07-23,LJ08,5435.67,262.6,235,53.0,2144.63,116.77
2025-07-23,LJ09,5794.28,316.44,214,79.0,1825.62,101.26
2025-07-24,LJ01,9910.43,1096.84,358,83.0,2839.38,174.37
2025-07-24,LJ02,6180.02,287.6,220,54.0,1660.27,52.02
2025-07-24,LJ03,5288.3,239.38,203,69.0,1638.62,57.1
2025-07-24,LJ04,6261.0,269.75,235,46.0,1721.37,88.44
2025-07-24,LJ05,3160.32,70.02,193,22.0,850.79,17.14
2025-07-24,LJ06,7757.77,396.29,267,97.0,2041.25,56.29
2025-07-24,LJ07,5527.83,156.92,220,42.0,1656.66,67.55
2025-07-24,LJ08,5911.77,276.33,276,59.0,2254.34,151.4
2025-07-24,LJ09,5286.96,270.8,202,81.0,1633.73,120.01
2025-07-25,LJ01,8761.57,1227.49,319,80.0,2673.69,234.61
2025-07-25,LJ02,7687.26,273.58,266,66.0,2055.18,55.95
2025-07-25,LJ03,5548.95,282.19,232,66.0,1657.58,87.99
2025-07-25,LJ04,6751.69,272.46,260,53.0,1902.61,86.6
2025-07-25,LJ05,3201.12,69.12,193,23.0,846.67,20.41
2025-07-25,LJ06,7878.98,290.5,280,97.0,2097.02,83.98
2025-07-25,LJ07,6139.57,266.0,248,45.0,1706.86,85.37
2025-07-25,LJ08,6128.33,353.75,273,57.0,2348.09,189.32
2025-07-25,LJ09,6642.49,375.89,248,83.0,2021.1,91.87
2025-07-26,LJ01,7518.42,732.49,296,70.0,2421.47,283.89
2025-07-26,LJ02,7808.86,396.04,279,59.0,2198.29,118.7
2025-07-26,LJ03,4221.15,219.69,174,58.0,1188.96,60.93
2025-07-26,LJ04,8697.92,294.97,327,58.0,2320.66,109.93
2025-07-26,LJ05,2538.5,46.81,154,19.0,679.87,14.95
2025-07-26,LJ06,5688.1,268.91,194,82.0,1606.82,80.72
2025-07-26,LJ07,7301.01,236.89,278,44.0,2078.0,66.73
2025-07-26,LJ08,5129.24,308.3,223,50.0,1763.68,95.19
2025-07-26,LJ09,4614.29,246.3,171,77.0,1297.27,64.66
2025-07-27,LJ01,4077.51,430.18,160,62.0,1249.74,76.14
2025-07-27,LJ02,6300.47,208.89,220,54.0,1647.23,64.38
2025-07-27,LJ03,3030.87,150.2,117,56.0,902.34,54.4
2025-07-27,LJ04,6976.62,218.46,256,48.0,2055.62,74.86
2025-07-27,LJ05,1050.13,20.9,64,16.0,274.14,4.26
2025-07-27,LJ06,2974.02,133.72,105,76.0,786.1,24.18
2025-07-27,LJ07,5563.78,217.37,214,39.0,1462.87,63.9
2025-07-27,LJ08,2572.85,146.66,113,46.0,878.57,68.53
2025-07-27,LJ09,2652.46,122.96,103,67.0,751.82,40.25
2025-07-28,LJ01,7531.16,948.36,278,71.0,2245.5,266.62
2025-07-28,LJ02,5686.01,255.99,201,52.0,1615.54,66.71
2025-07-28,LJ03,5301.2,260.86,205,63.0,1530.39,59.8
2025-07-28,LJ04,5501.89,243.21,214,48.0,1514.91,69.29
2025-07-28,LJ05,3348.37,76.03,194,21.0,831.58,18.2
2025-07-28,LJ06,6555.94,327.26,229,88.0,1638.22,71.43
2025-07-28,LJ07,4459.77,139.78,176,43.0,1269.97,51.25
2025-07-28,LJ08,5099.69,354.44,219,57.0,1954.36,124.28
2025-07-28,LJ09,5394.53,257.47,218,73.0,1574.51,67.63
2025-07-29,LJ01,8765.21,1026.99,325,83.0,2540.77,291.84
2025-07-29,LJ02,5669.38,269.5,211,51.0,1473.03,62.68
2025-07-29,LJ03,6211.53,278.04,249,65.0,1864.72,90.63
2025-07-29,LJ04,5547.86,218.94,222,47.0,1579.58,56.38
2025-07-29,LJ05,3423.72,71.82,210,21.0,864.13,15.26
2025-07-29,LJ06,6647.36,365.21,233,100.0,1796.31,53.85
2025-07-29,LJ07,4526.95,146.03,177,38.0,1251.44,56.44
2025-07-29,LJ08,5706.36,368.39,263,57.0,2166.53,158.76
2025-07-29,LJ09,5149.77,265.68,203,86.0,1441.12,78.17
2025-07-30,LJ01,8204.32,994.45,315,82.0,2392.66,157.31
2025-07-30,LJ02,5053.15,243.4,187,59.0,1453.81,77.79
2025-07-30,LJ03,5377.78,282.44,225,69.0,1462.31,84.47
2025-07-30,LJ04,5253.63,192.13,195,45.0,1397.25,65.79
2025-07-30,LJ05,3889.81,71.95,230,22.0,983.85,19.0
2025-07-30,LJ06,7586.51,306.86,256,95.0,2174.37,109.77
2025-07-30,LJ07,4781.93,147.02,188,40.0,1389.65,41.44
2025-07-30,LJ08,6376.41,408.22,294,58.0,2207.8,133.99
2025-07-30,LJ09,5430.81,324.99,201,86.0,1698.06,83.25
2025-07-31,LJ01,9432.94,1261.84,371,80.0,2911.36,249.31
2025-07-31,LJ02,5711.89,264.73,211,54.0,1612.52,77.96
2025-07-31,LJ03,6455.77,277.21,256,71.0,1828.27,127.25
2025-07-31,LJ04,5509.19,229.73,205,52.0,1478.05,89.19
2025-07-31,LJ05,3036.35,74.89,188,22.0,735.56,14.79
2025-07-31,LJ06,6930.39,348.96,248,95.0,1848.36,52.4
2025-07-31,LJ07,4837.3,160.67,189,41.0,1401.66,81.07
2025-07-31,LJ08,6274.7,382.25,273,54.0,2356.16,188.75
2025-07-31,LJ09,5161.46,298.51,194,83.0,1425.72,88.39
2025-08-01,LJ01,9636.17,1266.16,372,85.0,2715.63,272.66
2025-08-01,LJ02,7064.69,346.87,243,60.0,1874.69,98.12
2025-08-01,LJ03,5674.78,255.78,224,70.0,1607.36,100.88
2025-08-01,LJ04,6070.79,227.97,243,50.0,1739.85,104.97
2025-08-01,LJ05,3704.61,73.68,229,21.0,968.7,18.55
2025-08-01,LJ06,8126.56,446.99,276,91.0,2155.09,101.43
2025-08-01,LJ07,5836.22,217.19,228,46.0,1644.97,80.29
2025-08-01,LJ08,5203.13,338.76,239,60.0,1944.55,89.79
2025-08-01,LJ09,5636.2,266.38,209,80.0,1716.63,84.85
2025-08-02,LJ01,6385.27,578.33,233,76.0,2018.41,152.79
2025-08-02,LJ02,7794.23,269.24,293,60.0,2097.73,97.38
2025-08-02,LJ03,4590.26,236.5,184,58.0,1382.5,58.2
2025-08-02,LJ04,9150.34,378.84,333,52.0,2484.96,134.29
2025-08-02,LJ05,2428.82,61.89,141,17.0,607.21,12.28
2025-08-02,LJ06,5761.57,314.06,207,82.0,1556.58,51.29
2025-08-02,LJ07,7093.46,257.67,273,45.0,2034.72,107.68
2025-08-02,LJ08,4691.66,251.95,213,49.0,1770.86,110.02
2025-08-02,LJ09,4490.09,249.66,180,76.0,1321.39,57.64
2025-08-03,LJ01,4642.73,492.17,170,60.0,1304.34,128.15
2025-08-03,LJ02,5975.56,233.57,206,56.0,1643.5,58.36
2025-08-03,LJ03,2720.56,151.16,114,58.0,805.54,29.91
2025-08-03,LJ04,6785.74,299.8,257,49.0,1865.34,73.49
2025-08-03,LJ05,1138.17,28.22,66,16.0,283.34,4.25
2025-08-03,LJ06,2748.89,122.8,96,80.0,689.02,19.74
2025-08-03,LJ07,5592.19,165.04,216,42.0,1661.82,79.2
2025-08-03,LJ08,2429.99,132.79,113,44.0,918.35,65.73
2025-08-03,LJ09,2503.78,126.22,93,68.0,738.62,34.99
2025-08-04,LJ01,8779.69,877.4,346,73.0,2529.67,194.04
2025-08-04,LJ02,5637.67,217.91,200,56.0,1554.43,75.83
2025-08-04,LJ03,4701.27,288.34,196,66.0,1428.84,65.29
2025-08-04,LJ04,4894.02,204.35,196,44.0,1308.31,47.98
2025-08-04,LJ05,3413.84,58.79,196,23.0,917.62,20.49
2025-08-04,LJ06,5555.72,204.8,202,92.0,1499.63,45.54
2025-08-04,LJ07,4207.51,144.62,166,37.0,1263.95,45.13
2025-08-04,LJ08,5084.42,254.37,230,58.0,1961.75,148.21
2025-08-04,LJ09,4851.88,197.66,189,85.0,1369.14,54.04
2025-08-05,LJ01,8587.09,1036.95,333,77.0,2466.57,278.16
2025-08-05,LJ02,4745.43,191.83,172,56.0,1289.8,58.06
2025-08-05,LJ03,5797.45,318.7,227,63.0,1583.62,105.03
2025-08-05,LJ04,5734.29,216.72,217,46.0,1664.91,58.55
2025-08-05,LJ05,3557.57,89.55,217,23.0,844.09,18.32
2025-08-05,LJ06,6690.07,246.69,237,94.0,1690.09,59.65
2025-08-05,LJ07,4041.09,168.73,163,42.0,1108.85,52.32
2025-08-05,LJ08,5555.89,272.27,255,54.0,1934.3,103.22
2025-08-05,LJ09,4700.24,233.84,179,84.0,1324.82,69.93
2025-08-06,LJ01,9578.8,1073.55,359,74.0,2719.9,169.78
2025-08-06,LJ02,5832.32,287.72,201,61.0,1630.99,50.62
2025-08-06,LJ03,4776.77,282.26,189,62.0,1317.69,51.24
2025-08-06,LJ04,5605.65,182.59,215,46.0,1705.0,79.14
2025-08-06,LJ05,3880.76,94.64,228,21.0,988.6,15.93
2025-08-06,LJ06,7278.08,332.87,244,87.0,1889.89,51.16
2025-08-06,LJ07,4841.1,142.89,193,44.0,1300.92,71.5
2025-08-06,LJ08,5330.69,373.59,230,51.0,2035.95,166.32
2025-08-06,LJ09,5785.97,241.37,223,76.0,1628.22,106.72
2025-08-07,LJ01,8825.13,805.78,341,77.0,2719.88,304.06
2025-08-07,LJ02,5930.02,229.49,207,57.0,1567.81,57.2
2025-08-07,LJ03,6226.63,354.4,247,71.0,1800.54,84.8
2025-08-07,LJ04,5790.39,202.22,225,46.0,1576.13,69.33
2025-08-07,LJ05,3231.34,75.89,184,20.0,816.04,15.08
2025-08-07,LJ06,7556.58,368.95,250,91.0,1925.84,52.68
2025-08-07,LJ07,4848.51,187.78,198,44.0,1430.18,70.76
2025-08-07,LJ08,6094.05,364.23,281,60.0,2337.43,114.31
2025-08-07,LJ09,5226.09,258.58,202,77.0,1564.0,118.65
2025-08-08,LJ01,8639.41,833.05,314,78.0,2776.12,240.7
2025-08-08,LJ02,6858.44,280.96,240,61.0,1863.36,52.17
2025-08-08,LJ03,5231.31,327.17,214,68.0,1432.79,95.8
2025-08-08,LJ04,7099.11,328.25,279,52.0,2019.54,103.76
2025-08-08,LJ05,3875.5,65.4,238,21.0,944.1,17.85
2025-08-08,LJ06,6177.7,233.31,217,98.0,1567.92,58.38
2025-08-08,LJ07,5710.1,223.05,225,48.0,1564.66,46.8
2025-08-08,LJ08,6585.75,367.04,297,55.0,2476.62,106.46
2025-08-08,LJ09,5688.85,249.22,219,79.0,1610.56,107.37
2025-08-09,LJ01,7223.07,1004.35,276,67.0,2045.05,154.08
2025-08-09,LJ02,8693.48,417.54,315,60.0,2540.25,111.21
2025-08-09,LJ03,4155.68,228.03,166,64.0,1167.0,43.99
2025-08-09,LJ04,8892.24,379.89,329,56.0,2618.37,114.87
2025-08-09,LJ05,2174.76,38.78,126,18.0,543.7,9.1
2025-08-09,LJ06,5810.81,276.26,196,93.0,1527.58,74.93
2025-08-09,LJ07,7037.25,281.92,279,49.0,2076.01,83.33
2025-08-09,LJ08,4390.63,269.43,187,55.0,1694.03,84.12
2025-08-09,LJ09,4275.54,195.67,162,69.0,1361.03,92.8
2025-08-10,LJ01,3836.66,350.17,147,66.0,1120.69,87.48
2025-08-10,LJ02,6220.7,292.83,231,55.0,1653.67,54.98
2025-08-10,LJ03,2539.34,124.48,98,57.0,734.82,47.47
2025-08-10,LJ04,6251.38,189.3,245,48.0,1752.95,53.92
2025-08-10,LJ05,1186.45,26.09,69,17.0,281.54,6.84
2025-08-10,LJ06,2906.56,156.6,96,73.0,797.38,30.61
2025-08-10,LJ07,4538.67,190.97,188,43.0,1252.19,70.49
2025-08-10,LJ08,2359.84,121.38,104,44.0,818.04,44.28
2025-08-10,LJ09,2502.12,149.39,98,62.0,730.94,43.13
2025-08-11,LJ01,7490.86,807.86,285,72.0,2125.19,215.73
2025-08-11,LJ02,4513.35,180.28,169,56.0,1215.68,33.41
2025-08-11,LJ03,5572.73,321.2,230,62.0,1715.01,107.91
2025-08-11,LJ04,4589.48,201.52,168,44.0,1302.7,60.72
2025-08-11,LJ05,3631.98,86.32,220,23.0,877.81,19.62
2025-08-11,LJ06,6139.69,228.68,223,86.0,1759.63,48.91
2025-08-11,LJ07,4596.44,186.6,173,39.0,1203.11,39.78
2025-08-11,LJ08,4900.08,226.02,214,53.0,1856.32,80.95
2025-08-11,LJ09,4494.5,275.06,170,80.0,1263.44,83.54
2025-08-12,LJ01,8404.81,1008.39,321,82.0,2495.82,247.15
2025-08-12,LJ02,6113.41,216.37,213,58.0,1745.28,63.49
2025-08-12,LJ03,5195.24,264.51,210,63.0,1604.34,74.45
2025-08-12,LJ04,4681.2,169.94,186,49.0,1328.98,55.34
2025-08-12,LJ05,3922.32,74.21,222,20.0,1056.15,26.96
2025-08-12,LJ06,6294.96,285.55,228,91.0,1642.9,70.28
2025-08-12,LJ07,4159.38,162.87,162,37.0,1123.44,62.28
2025-08-12,LJ08,5836.46,328.53,271,53.0,2095.16,146.62
2025-08-12,LJ09,4663.51,253.24,189,79.0,1427.36,99.3
2025-08-13,LJ01,9353.97,839.36,368,76.0,2736.67,218.32
2025-08-13,LJ02,5900.99,205.45,219,55.0,1630.84,82.84
2025-08-13,LJ03,5992.79,388.43,235,71.0,1604.36,71.58
2025-08-13,LJ04,4907.64,145.75,181,45.0,1362.21,53.5
2025-08-13,LJ05,3547.16,79.98,205,20.0,895.06,21.21
2025-08-13,LJ06,7793.77,335.55,263,92.0,2062.94,70.82
2025-08-13,LJ07,4319.6,167.74,167,40.0,1252.87,51.76
2025-08-13,LJ08,5919.46,360.21,253,58.0,2182.71,174.91
2025-08-13,LJ09,5638.46,269.31,226,86.0,1708.39,71.03
2025-08-14,LJ01,9150.4,1270.01,360,72.0,2586.65,286.75
2025-08-14,LJ02,6402.13,216.32,223,53.0,1680.21,83.7
2025-08-14,LJ03,5204.36,332.77,212,69.0,1494.3,74.92
2025-08-14,LJ04,5610.33,169.3,216,46.0,1609.57,62.84
2025-08-14,LJ05,3064.75,62.56,190,20.0,817.11,18.07
2025-08-14,LJ06,6817.51,376.06,244,101.0,1720.47,88.07
2025-08-14,LJ07,5046.61,219.4,191,41.0,1309.82,50.55
2025-08-14,LJ08,6235.27,425.32,289,53.0,2299.27,187.43
2025-08-14,LJ09,4794.39,271.29,192,75.0,1446.4,73.63
2025-08-15,LJ01,8870.36,1071.35,328,76.0,2496.37,274.41
2025-08-15,LJ02,6670.35,244.46,244,65.0,1847.8,82.58
2025-08-15,LJ03,5389.12,340.77,225,67.0,1586.51,79.06
2025-08-15,LJ04,7057.31,275.84,276,56.0,2013.97,67.48
2025-08-15,LJ05,3138.29,60.73,188,21.0,778.19,11.3
2025-08-15,LJ06,6717.03,333.56,227,89.0,1771.63,62.24
2025-08-15,LJ07,6230.53,247.04,248,45.0,1764.1,96.99
2025-08-15,LJ08,5546.82,345.12,254,60.0,1938.88,132.4
2025-08-15,LJ09,5977.46,343.21,222,88.0,1872.19,136.31
2025-08-16,LJ01,7946.29,1096.84,289,67.0,2293.21,139.82
2025-08-16,LJ02,7704.32,257.22,272,63.0,2136.53,86.42
2025-08-16,LJ03,4374.99,234.61,181,62.0,1271.64,71.75
2025-08-16,LJ04,6761.18,303.55,267,50.0,1896.56,74.1
2025-08-16,LJ05,2548.03,51.85,150,20.0,653.22,12.41
2025-08-16,LJ06,5963.26,281.38,205,93.0,1693.88,74.46
2025-08-16,LJ07,6511.97,205.62,254,50.0,1813.88,101.89
2025-08-16,LJ08,4421.73,233.9,205,51.0,1591.73,94.27
2025-08-16,LJ09,4353.91,252.91,163,74.0,1326.81,64.65
2025-08-17,LJ01,3945.48,468.76,153,62.0,1242.55,133.78
2025-08-17,LJ02,6603.25,264.12,227,57.0,1834.39,55.9
2025-08-17,LJ03,2630.62,116.65,101,53.0,820.37,36.33
2025-08-17,LJ04,6041.03,209.38,236,46.0,1829.16,89.75
2025-08-17,LJ05,1255.23,25.64,74,17.0,322.12,4.57
2025-08-17,LJ06,3563.03,187.15,118,81.0,911.11,30.72
2025-08-17,LJ07,5352.64,215.22,221,40.0,1528.77,89.68
2025-08-17,LJ08,2872.32,155.81,130,47.0,1112.78,53.77
2025-08-17,LJ09,2441.17,131.74,97,66.0,735.21,45.07
2025-08-18,LJ01,9125.69,825.19,337,77.0,2815.3,237.85
2025-08-18,LJ02,5636.23,212.14,197,52.0,1453.04,71.04
2025-08-18,LJ03,4864.82,311.49,203,63.0,1311.69,66.75
2025-08-18,LJ04,5342.04,213.75,210,43.0,1410.09,62.65
2025-08-18,LJ05,3595.15,63.28,215,22.0,881.86,12.67
2025-08-18,LJ06,5476.75,284.85,196,86.0,1484.4,52.31
2025-08-18,LJ07,3795.76,136.15,156,39.0,1063.8,62.5
2025-08-18,LJ08,5567.32,389.81,243,56.0,1943.34,114.78
2025-08-18,LJ09,4410.31,245.92,173,82.0,1251.26,79.52
2025-08-19,LJ01,7484.08,862.17,290,83.0,2232.4,208.53
2025-08-19,LJ02,5062.68,183.25,181,0.0,1475.98,53.5
2025-08-19,LJ03,5340.0,339.65,206,72.0,1606.43,76.44
2025-08-19,LJ04,4614.2,192.5,178,46.0,1291.0,60.31
2025-08-19,LJ05,2924.95,58.38,182,22.0,770.62,14.07
2025-08-19,LJ06,6698.2,383.19,227,99.0,1794.83,56.9
2025-08-19,LJ07,4328.3,161.55,169,43.0,1224.58,72.12
2025-08-19,LJ08,6225.63,297.65,271,55.0,2203.63,171.67
2025-08-19,LJ09,4614.13,250.92,178,79.0,1455.78,106.65
2025-08-20,LJ01,9426.45,972.31,343,72.0,2893.22,282.8
2025-08-20,LJ02,6194.93,283.78,226,57.0,1623.73,68.23
2025-08-20,LJ03,5414.66,249.44,221,63.0,1501.45,82.01
2025-08-20,LJ04,5645.49,253.61,210,46.0,1503.44,69.5
2025-08-20,LJ05,3510.57,60.81,205,22.0,949.61,23.67
2025-08-20,LJ06,6669.95,273.33,240,91.0,1756.33,57.03
2025-08-20,LJ07,4791.4,138.35,187,44.0,1328.9,56.11
2025-08-20,LJ08,6130.37,335.85,263,52.0,2152.59,170.98
2025-08-20,LJ09,5970.64,319.76,226,81.0,1780.7,66.35
2025-08-21,LJ01,8880.47,1148.28,337,74.0,2604.1,232.14
2025-08-21,LJ02,6389.1,246.55,239,58.0,1868.45,93.22
2025-08-21,LJ03,4685.71,309.91,195,71.0,1382.15,54.66
2025-08-21,LJ04,6117.34,239.55,239,52.0,1667.82,73.2
2025-08-21,LJ05,3478.78,63.2,209,22.0,872.92,19.54
2025-08-21,LJ06,6273.17,259.16,217,98.0,1588.49,64.43
2025-08-21,LJ07,4497.36,138.39,172,42.0,1330.3,41.54
2025-08-21,LJ08,6120.92,343.92,273,56.0,2351.74,142.62
2025-08-21,LJ09,5290.48,249.57,211,75.0,1464.49,87.98
2025-08-22,LJ01,9372.24,1151.02,361,80.0,2842.82,210.04
2025-08-22,LJ02,7446.9,261.17,271,58.0,2181.85,64.66
2025-08-22,LJ03,5433.2,280.4,225,66.0,1634.26,90.68
2025-08-22,LJ04,7293.23,225.8,276,55.0,2035.09,110.03
2025-08-22,LJ05,3312.3,58.39,187,22.0,825.39,14.73
2025-08-22,LJ06,6402.75,287.69,221,91.0,1686.29,60.18
2025-08-22,LJ07,6432.62,221.4,258,43.0,1804.02,92.74
2025-08-22,LJ08,5551.66,317.05,252,57.0,2119.91,131.18
2025-08-22,LJ09,5621.39,288.65,209,85.0,1679.87,77.63
2025-08-23,LJ01,6401.17,617.07,241,71.0,1919.32,199.51
2025-08-23,LJ02,9424.84,414.55,323,65.0,2665.51,105.43
2025-08-23,LJ03,4325.62,217.52,179,60.0,1279.95,79.3
2025-08-23,LJ04,8772.21,300.03,332,56.0,2540.32,139.35
2025-08-23,LJ05,2552.46,55.85,149,18.0,688.83,10.52
2025-08-23,LJ06,5211.16,226.21,175,89.0,1417.8,48.81
2025-08-23,LJ07,6515.53,226.23,262,49.0,1759.76,101.93
2025-08-23,LJ08,4596.69,243.74,208,49.0,1679.29,129.48
2025-08-23,LJ09,3785.38,181.93,144,79.0,1094.05,69.12
2025-08-24,LJ01,4300.68,497.31,164,65.0,1361.8,132.49
2025-08-24,LJ02,5965.27,257.4,215,54.0,1641.24,62.26
2025-08-24,LJ03,2628.75,166.98,104,57.0,765.53,53.42
2025-08-24,LJ04,6471.95,280.95,241,52.0,1847.79,55.03
2025-08-24,LJ05,1061.71,22.49,66,16.0,269.26,6.83
2025-08-24,LJ06,3486.95,140.66,117,79.0,886.69,43.23
2025-08-24,LJ07,4545.86,144.07,187,40.0,1348.88,57.8
2025-08-24,LJ08,2899.69,184.6,125,45.0,1006.21,80.18
2025-08-24,LJ09,2790.25,148.33,104,68.0,841.73,38.42
2025-08-25,LJ01,8473.26,1152.4,310,71.0,2284.4,219.56
2025-08-25,LJ02,4838.55,231.76,172,52.0,1382.59,58.94
2025-08-25,LJ03,5705.19,316.74,228,62.0,1640.47,109.73
2025-08-25,LJ04,4959.06,168.74,190,44.0,1404.04,61.64
2025-08-25,LJ05,3409.29,76.84,209,20.0,889.88,16.34
2025-08-25,LJ06,6130.6,264.52,216,98.0,1734.34,64.95
2025-08-25,LJ07,4632.62,155.87,183,42.0,1273.82,70.67
2025-08-25,LJ08,5755.0,326.48,260,57.0,2002.02,157.26
2025-08-25,LJ09,5131.8,245.73,202,82.0,1435.6,66.71
2025-08-26,LJ01,8044.25,983.8,311,78.0,2405.45,208.46
2025-08-26,LJ02,5644.63,199.81,212,52.0,1558.31,52.91
2025-08-26,LJ03,4661.65,260.59,193,66.0,1388.72,53.87
2025-08-26,LJ04,5495.74,184.01,208,44.0,1533.56,73.73
2025-08-26,LJ05,3062.05,69.41,180,21.0,762.25,16.58
2025-08-26,LJ06,6646.95,321.36,241,89.0,1700.26,71.99
2025-08-26,LJ07,4049.78,165.64,157,38.0,1167.97,58.79
2025-08-26,LJ08,5074.29,256.29,222,54.0,1773.09,136.34
2025-08-26,LJ09,4638.22,244.71,177,78.0,1289.26,90.5
2025-08-27,LJ01,7972.32,1080.08,294,72.0,2196.06,187.17
2025-08-27,LJ02,5553.1,256.11,208,56.0,1463.32,58.32
2025-08-27,LJ03,5536.34,280.92,221,71.0,1675.94,89.86
2025-08-27,LJ04,5127.16,168.16,204,47.0,1425.86,44.23
2025-08-27,LJ05,3829.3,82.78,228,20.0,925.95,14.52
2025-08-27,LJ06,7287.11,301.42,264,94.0,1900.73,86.44
2025-08-27,LJ07,4975.99,213.27,188,38.0,1392.9,50.52
2025-08-27,LJ08,5772.27,397.3,269,58.0,2092.49,119.39
2025-08-27,LJ09,5494.11,319.37,208,79.0,1684.28,126.92
2025-08-28,LJ01,8606.27,1006.56,329,77.0,2566.91,278.31
2025-08-28,LJ02,5891.86,286.04,212,58.0,1718.29,83.01
2025-08-28,LJ03,5507.93,274.05,211,73.0,1575.15,77.97
2025-08-28,LJ04,6212.52,216.13,231,48.0,1768.74,53.95
2025-08-28,LJ05,3297.99,67.82,193,22.0,789.48,14.97
2025-08-28,LJ06,6952.34,292.32,242,89.0,2002.55,73.3
2025-08-28,LJ07,4638.4,197.85,182,39.0,1347.81,72.92
2025-08-28,LJ08,5827.18,397.02,259,55.0,2119.14,88.45
2025-08-28,LJ09,5430.1,254.62,203,77.0,1605.87,120.89
2025-08-29,LJ01,8140.36,1019.72,316,79.0,2539.29,219.7
2025-08-29,LJ02,7601.61,254.52,271,58.0,1972.39,91.48
2025-08-29,LJ03,5777.87,288.61,221,68.0,1761.01,68.58
2025-08-29,LJ04,7207.26,253.89,263,55.0,2053.96,118.98
2025-08-29,LJ05,3394.43,57.72,199,22.0,913.04,15.78
2025-08-29,LJ06,7009.63,374.21,249,98.0,2001.52,60.69
2025-08-29,LJ07,6504.62,248.13,255,43.0,1869.5,69.41
2025-08-29,LJ08,5338.11,270.03,238,54.0,1980.23,148.93
2025-08-29,LJ09,5545.39,320.52,205,81.0,1624.36,118.8
2025-08-30,LJ01,6044.73,817.02,229,69.0,1681.15,114.79
2025-08-30,LJ02,7638.68,290.24,288,68.0,2126.22,81.12
2025-08-30,LJ03,3960.57,194.09,158,66.0,1206.29,79.2
2025-08-30,LJ04,6910.95,238.32,273,56.0,2070.26,78.4
2025-08-30,LJ05,2107.04,53.94,131,19.0,562.45,8.24
2025-08-30,LJ06,4549.73,203.67,163,81.0,1279.41,63.09
2025-08-30,LJ07,5966.92,211.42,244,44.0,1713.98,80.2
2025-08-30,LJ08,4419.39,222.89,199,49.0,1629.77,128.44
2025-08-30,LJ09,3722.0,220.66,148,73.0,1076.48,53.76
2025-08-31,LJ01,4022.99,537.69,153,59.0,1103.6,93.16
2025-08-31,LJ02,6273.97,208.78,220,58.0,1750.55,76.5
2025-08-31,LJ03,2403.56,124.48,96,56.0,652.71,22.71
2025-08-31,LJ04,5707.2,224.07,228,47.0,1627.21,63.72
2025-08-31,LJ05,1048.67,24.67,62,15.0,265.68,4.66
2025-08-31,LJ06,2900.25,164.85,103,79.0,755.85,20.01
2025-08-31,LJ07,4896.06,210.07,193,42.0,1426.99,70.39
2025-08-31,LJ08,2839.42,147.69,127,46.0,1068.19,53.04
2025-08-31,LJ09,2784.21,124.56,103,67.0,876.47,60.92
2025-09-01,LJ01,6775.89,703.15,251,77.0,1944.36,203.87
2025-09-01,LJ02,5447.59,242.67,195,58.0,1498.04,76.21
2025-09-01,LJ03,4772.15,317.48,186,65.0,1431.6,85.78
2025-09-01,LJ04,5710.23,176.05,208,49.0,1519.14,72.94
2025-09-01,LJ05,3313.49,70.32,205,22.0,824.19,14.6
2025-09-01,LJ06,6181.13,290.45,208,92.0,1636.6,41.47
2025-09-01,LJ07,3713.5,111.47,145,37.0,1109.64,35.46
2025-09-01,LJ08,4908.42,330.06,225,51.0,1855.03,112.38
2025-09-01,LJ09,4019.68,229.82,158,81.0,1131.74,71.57
2025-09-02,LJ01,8008.03,867.38,313,81.0,2314.86,179.31
2025-09-02,LJ02,6028.16,210.03,212,55.0,1694.79,46.83
2025-09-02,LJ03,5293.36,302.27,217,63.0,1626.25,80.61
2025-09-02,LJ04,5120.93,192.2,195,49.0,1479.76,66.7
2025-09-02,LJ05,3371.19,65.22,195,23.0,907.49,15.76
2025-09-02,LJ06,6732.69,326.29,233,94.0,1762.15,50.18
2025-09-02,LJ07,4274.33,130.45,173,38.0,1241.52,55.44
2025-09-02,LJ08,4522.89,234.93,209,56.0,1594.97,124.76
2025-09-02,LJ09,5317.08,298.21,200,82.0,1467.7,63.53
2025-09-03,LJ01,7941.76,1112.66,297,79.0,2183.65,255.93
2025-09-03,LJ02,6208.54,209.46,215,53.0,1819.11,57.66
2025-09-03,LJ03,4449.5,228.89,184,64.0,1342.0,50.97
2025-09-03,LJ04,4409.5,176.76,176,49.0,1196.05,51.73
2025-09-03,LJ05,3226.85,77.87,200,21.0,838.21,14.73
2025-09-03,LJ06,6821.62,288.85,233,94.0,1764.17,83.56
2025-09-03,LJ07,4252.62,160.09,172,38.0,1221.19,43.33
2025-09-03,LJ08,4766.76,317.23,213,57.0,1723.57,73.26
2025-09-03,LJ09,5112.53,263.07,202,75.0,1511.77,56.7
2025-09-04,LJ01,7134.96,644.84,274,74.0,2024.14,160.9
2025-09-04,LJ02,5438.54,209.13,187,60.0,1475.83,44.17
2025-09-04,LJ03,5020.25,279.98,199,68.0,1451.78,79.88
2025-09-04,LJ04,5087.51,195.57,197,49.0,1509.02,62.26
2025-09-04,LJ05,3086.02,54.33,188,22.0,824.55,19.85
2025-09-04,LJ06,6766.83,279.23,231,97.0,1799.85,66.26
2025-09-04,LJ07,4777.56,152.93,184,39.0,1403.44,76.96
2025-09-04,LJ08,5918.95,336.54,254,57.0,2235.13,126.02
2025-09-04,LJ09,4519.93,274.75,168,76.0,1246.25,53.76
2025-09-05,LJ01,9433.64,1278.87,341,84.0,2622.17,298.57
2025-09-05,LJ02,7738.02,344.58,283,66.0,1989.36,109.4
2025-09-05,LJ03,5285.68,259.05,219,65.0,1569.03,64.72
2025-09-05,LJ04,6385.25,237.25,246,56.0,1859.76,61.13
2025-09-05,LJ05,3447.62,67.84,202,22.0,863.09,15.27
2025-09-05,LJ06,7736.75,307.41,257,97.0,1955.17,49.47
2025-09-05,LJ07,6592.67,223.05,252,48.0,1913.57,89.49
2025-09-05,LJ08,5393.18,298.0,253,60.0,1939.25,85.64
2025-09-05,LJ09,4748.58,280.33,188,77.0,1331.24,99.09
2025-09-06,LJ01,6365.88,638.45,244,75.0,2025.62,117.14
2025-09-06,LJ02,8494.43,347.14,302,66.0,2494.09,117.16
2025-09-06,LJ03,3966.94,194.58,159,66.0,1091.97,54.99
2025-09-06,LJ04,8562.72,275.78,320,54.0,2591.47,98.96
2025-09-06,LJ05,2015.54,44.67,124,19.0,517.87,12.13
2025-09-06,LJ06,4981.06,257.54,171,89.0,1388.5,47.45
2025-09-06,LJ07,6217.38,257.17,253,46.0,1694.4,87.59
2025-09-06,LJ08,3947.41,267.96,182,49.0,1462.45,94.0
2025-09-06,LJ09,3633.07,178.41,139,71.0,1092.3,62.77
2025-09-07,LJ01,3485.38,425.05,132,67.0,1023.99,111.16
2025-09-07,LJ02,6098.06,292.89,221,57.0,1751.89,67.45
2025-09-07,LJ03,2095.97,117.43,87,52.0,608.13,27.76
2025-09-07,LJ04,6674.5,288.09,251,49.0,1916.86,92.64
2025-09-07,LJ05,1000.08,19.46,62,16.0,266.85,4.09
2025-09-07,LJ07,5073.82,155.84,192,43.0,1512.82,82.32
2025-09-07,LJ08,2347.21,111.99,103,43.0,927.61,47.39
2025-09-08,LJ01,7431.91,927.61,269,82.0,2277.77,141.65
2025-09-08,LJ02,5310.98,228.67,187,59.0,1560.76,66.07
2025-09-08,LJ03,5180.12,336.96,207,70.0,1432.7,98.52
2025-09-08,LJ04,4712.68,141.92,177,48.0,1365.81,82.25
2025-09-08,LJ05,3078.46,76.59,188,22.0,729.05,9.76
2025-09-08,LJ06,5450.14,220.11,185,94.0,1397.06,60.98
2025-09-08,LJ07,4384.41,155.69,177,37.0,1155.18,64.94
2025-09-08,LJ08,4674.18,211.82,199,56.0,1681.47,102.67
2025-09-08,LJ09,4842.02,224.62,186,79.0,1516.52,104.91
2025-09-09,LJ01,8690.1,1165.03,330,80.0,2609.15,196.61
2025-09-09,LJ02,5029.46,199.52,177,58.0,1473.05,76.93
2025-09-09,LJ03,5059.57,254.01,204,71.0,1442.16,69.5
2025-09-09,LJ04,4700.69,214.74,178,48.0,1341.97,51.8
2025-09-09,LJ05,3564.77,68.62,203,21.0,888.66,11.06
2025-09-09,LJ06,5651.11,307.66,194,92.0,1448.17,66.62
2025-09-09,LJ07,4311.77,181.82,174,38.0,1191.12,60.49
2025-09-09,LJ08,4626.8,247.13,211,53.0,1679.24,68.64
2025-09-09,LJ09,5344.1,263.23,204,76.0,1642.07,81.89
2025-09-10,LJ01,7876.07,947.4,287,76.0,2473.13,142.76
2025-09-10,LJ02,5016.5,211.76,181,59.0,1371.45,66.9
2025-09-10,LJ03,5081.06,270.4,209,68.0,1554.83,107.78
2025-09-10,LJ04,5976.03,237.16,227,49.0,1618.4,74.93
2025-09-10,LJ05,3333.76,65.92,197,22.0,838.42,16.34
2025-09-10,LJ06,5478.22,202.96,194,90.0,1522.81,46.75
2025-09-10,LJ07,4916.39,192.63,193,43.0,1430.29,52.92
2025-09-10,LJ08,5539.55,352.58,258,59.0,2098.27,106.38
2025-09-10,LJ09,5504.94,332.6,212,83.0,1574.86,91.63
2025-09-11,LJ01,8741.25,890.54,346,75.0,2631.63,311.9
2025-09-11,LJ02,4981.39,245.35,185,61.0,1301.23,41.44
2025-09-11,LJ03,4755.03,283.49,187,67.0,1361.44,75.14
2025-09-11,LJ04,5976.45,252.82,235,46.0,1732.71,61.87
2025-09-11,LJ05,3499.51,63.24,207,21.0,833.29,17.94
2025-09-11,LJ06,5837.19,307.19,208,101.0,1613.04,74.11
2025-09-11,LJ07,4761.63,207.28,193,45.0,1383.22,50.45
2025-09-11,LJ08,4986.72,263.43,215,53.0,1889.5,130.75
2025-09-11,LJ09,5139.22,207.13,205,78.0,1518.34,68.86
2025-09-12,LJ01,7865.33,893.09,295,77.0,2470.94,248.07
2025-09-12,LJ02,7186.99,334.57,248,62.0,2064.6,103.86
2025-09-12,LJ03,5073.94,301.1,207,72.0,1392.06,93.4
2025-09-12,LJ04,6923.25,249.08,253,49.0,1892.32,113.71
2025-09-12,LJ05,3393.39,84.0,194,22.0,806.4,18.87
2025-09-12,LJ06,6480.73,314.93,216,99.0,1722.47,78.79
2025-09-12,LJ07,6400.65,190.1,254,46.0,1811.43,61.07
2025-09-12,LJ08,5118.47,269.95,231,59.0,1877.05,114.75
2025-09-12,LJ09,5796.03,262.17,220,84.0,1615.0,114.44
2025-09-13,LJ01,6481.87,738.45,235,68.0,2011.11,193.69
2025-09-13,LJ02,6762.64,226.75,256,60.0,1995.76,79.68
2025-09-13,LJ03,3999.2,198.93,163,60.0,1188.3,54.43
2025-09-13,LJ04,7323.17,328.15,277,52.0,1951.62,109.87
2025-09-13,LJ05,2114.33,38.71,122,19.0,519.21,6.41
2025-09-13,LJ06,5199.88,220.99,181,84.0,1365.46,62.4
2025-09-13,LJ07,6896.61,292.91,277,48.0,2030.63,76.14
2025-09-13,LJ08,4473.6,273.58,202,49.0,1679.89,87.91
2025-09-13,LJ09,3858.8,236.93,151,79.0,1172.57,57.17
2025-09-14,LJ01,3390.24,330.02,130,63.0,970.26,89.49
2025-09-14,LJ02,6450.34,273.16,233,61.0,1846.07,83.08
2025-09-14,LJ03,2498.69,150.56,100,57.0,757.75,43.09
2025-09-14,LJ04,6720.12,246.02,248,48.0,1938.21,104.52
2025-09-14,LJ05,1227.13,20.11,71,17.0,306.47,6.01
2025-09-14,LJ06,2695.0,131.36,96,80.0,737.3,29.48
2025-09-14,LJ07,4536.04,155.29,174,42.0,1328.19,71.01
2025-09-14,LJ08,2616.77,140.88,112,41.0,944.68,76.43
2025-09-14,LJ09,2103.89,123.29,82,69.0,595.01,24.93
2025-09-15,LJ01,8432.29,796.14,323,76.0,2619.24,167.35
2025-09-15,LJ02,4843.49,167.03,174,59.0,1279.27,65.87
2025-09-15,LJ03,4220.19,196.1,168,67.0,1181.9,69.14
2025-09-15,LJ04,4425.84,199.14,172,44.0,1197.09,62.48
2025-09-15,LJ05,3130.77,59.68,190,22.0,740.38,10.6
2025-09-15,LJ06,5760.43,284.1,208,87.0,1444.38,64.04
2025-09-15,LJ07,4018.54,162.29,153,41.0,1056.49,36.5
2025-09-15,LJ08,4998.33,324.35,214,50.0,1831.19,101.99
2025-09-15,LJ09,4216.84,215.72,171,73.0,1164.05,44.74
2025-09-15,LJ10,2673.37,112.46,101,86.0,722.41,77.1
2025-09-16,LJ01,7778.43,759.64,308,79.0,2268.4,157.46
2025-09-16,LJ02,4762.39,242.79,180,51.0,1234.24,53.26
2025-09-16,LJ03,4671.1,248.33,187,70.0,1429.97,97.66
2025-09-16,LJ04,5388.18,171.18,200,49.0,1489.75,61.23
2025-09-16,LJ05,2996.5,63.22,182,21.0,765.53,13.26
2025-09-16,LJ06,7066.1,262.01,241,90.0,1953.38,95.88
2025-09-16,LJ07,4669.68,168.34,187,41.0,1297.56,67.96
2025-09-16,LJ08,4639.62,278.33,207,51.0,1580.93,109.77
2025-09-16,LJ09,5329.8,271.03,204,78.0,1564.12,119.1
2025-09-16,LJ10,3052.56,131.5,116,90.0,871.25,100.71
2025-09-17,LJ01,7129.9,685.06,280,84.0,2115.52,137.78
2025-09-17,LJ02,5759.12,256.03,209,54.0,1506.79,57.73
2025-09-17,LJ03,4781.52,206.26,191,67.0,1316.95,60.4
2025-09-17,LJ04,5563.51,179.27,208,48.0,1635.2,79.06
2025-09-17,LJ05,3542.19,58.33,203,20.0,901.28,19.27
2025-09-17,LJ06,5664.16,248.87,205,94.0,1576.95,45.23
2025-09-17,LJ07,4552.06,175.29,173,41.0,1276.4,71.93
2025-09-17,LJ08,4735.98,300.4,214,51.0,1701.86,114.72
2025-09-17,LJ09,4976.92,308.55,192,81.0,1466.85,54.73
2025-09-17,LJ10,3256.17,115.64,115,89.0,984.38,91.07
2025-09-18,LJ01,8451.48,1165.51,331,79.0,2295.85,215.31
2025-09-18,LJ02,5774.32,215.75,207,54.0,1629.17,66.51
2025-09-18,LJ03,4697.98,268.43,182,65.0,1321.9,85.66
2025-09-18,LJ04,5332.8,233.89,213,52.0,1406.64,61.11
2025-09-18,LJ05,3511.75,79.28,202,21.0,904.0,13.32
2025-09-18,LJ06,6783.85,354.46,244,95.0,1741.83,62.33
2025-09-18,LJ07,5125.26,217.01,198,44.0,1440.65,83.17
2025-09-18,LJ08,5419.08,297.86,254,52.0,1967.77,94.45
2025-09-18,LJ09,4737.5,219.4,178,84.0,1454.64,54.29
2025-09-18,LJ10,3258.02,150.3,119,92.0,955.59,103.41
2025-09-19,LJ01,7318.34,675.34,287,80.0,2194.35,189.17
2025-09-19,LJ02,6756.86,232.08,240,63.0,1897.13,68.39
2025-09-19,LJ03,5304.45,305.69,218,73.0,1510.45,85.89
2025-09-19,LJ04,6251.29,211.03,245,51.0,1681.43,69.34
2025-09-19,LJ05,3554.78,83.67,221,21.0,947.25,15.76
2025-09-19,LJ06,7131.08,279.93,252,89.0,1896.46,93.12
2025-09-19,LJ07,6093.52,207.27,240,47.0,1818.47,94.07
2025-09-19,LJ08,5471.23,274.3,246,61.0,2066.7,170.05
2025-09-19,LJ09,4750.26,248.67,183,87.0,1360.42,52.81
2025-09-19,LJ10,3332.99,163.66,123,86.0,989.11,61.65
2025-09-20,LJ01,6389.42,822.6,231,74.0,1908.24,208.33
2025-09-20,LJ02,7219.03,301.55,258,64.0,1977.85,55.68
2025-09-20,LJ03,4569.06,245.38,174,61.0,1391.2,78.2
2025-09-20,LJ04,8151.55,272.17,300,54.0,2347.47,104.92
2025-09-20,LJ05,2287.33,46.25,136,18.0,614.34,12.27
2025-09-20,LJ06,4725.04,235.91,169,87.0,1177.6,29.12
2025-09-20,LJ07,6005.02,214.49,248,49.0,1625.55,47.42
2025-09-20,LJ08,4009.09,196.77,178,48.0,1455.09,119.33
2025-09-20,LJ09,4259.39,235.85,166,73.0,1261.7,82.91
2025-09-20,LJ10,2784.06,145.0,108,81.0,808.59,51.56
2025-09-21,LJ01,3962.8,446.28,144,61.0,1229.94,136.0
2025-09-21,LJ02,5662.05,215.62,209,57.0,1616.77,53.96
2025-09-21,LJ03,2515.71,131.0,96,56.0,708.52,24.78
2025-09-21,LJ04,4961.33,212.96,199,52.0,1360.61,69.66
2025-09-21,LJ05,940.87,22.67,56,15.0,237.11,3.04
2025-09-21,LJ06,3360.15,178.42,111,77.0,946.82,34.63
2025-09-21,LJ07,5276.0,161.62,205,39.0,1451.56,55.61
2025-09-21,LJ08,2347.08,147.13,104,42.0,879.16,70.74
2025-09-21,LJ09,2207.22,124.64,87,64.0,633.91,41.51
2025-09-21,LJ10,1416.57,65.46,53,77.0,409.49,32.08
2025-09-22,LJ01,8429.44,956.09,313,81.0,2479.91,192.44
2025-09-22,LJ02,4908.96,180.11,173,56.0,1372.06,66.86
2025-09-22,LJ03,4496.92,245.97,175,67.0,1215.14,44.75
2025-09-22,LJ04,4466.2,178.39,173,50.0,1326.98,55.12
2025-09-22,LJ05,3085.0,64.44,175,20.0,754.52,18.77
2025-09-22,LJ06,6657.41,338.4,222,94.0,1827.99,92.19
2025-09-22,LJ07,4219.1,184.78,166,42.0,1119.29,35.39
2025-09-22,LJ08,4776.34,235.86,222,53.0,1751.38,140.72
2025-09-22,LJ09,4094.95,244.88,159,79.0,1185.58,51.27
2025-09-22,LJ10,3184.13,169.12,119,87.0,906.85,101.05
2025-09-23,LJ01,7550.32,956.17,293,74.0,2173.23,233.8
2025-09-23,LJ02,4527.49,226.33,168,52.0,1201.71,41.99
2025-09-23,LJ03,5361.81,342.89,220,68.0,1589.97,96.55
2025-09-23,LJ04,5636.88,235.57,209,44.0,1624.85,79.57
2025-09-23,LJ05,3519.87,89.25,210,21.0,879.95,12.99
2025-09-23,LJ06,6476.57,280.75,235,91.0,1799.83,55.96
2025-09-23,LJ07,4696.83,197.44,177,39.0,1253.08,53.65
2025-09-23,LJ08,5757.2,327.98,252,55.0,2076.01,112.02
2025-09-23,LJ09,4777.91,282.14,180,79.0,1409.31,53.9
2025-09-23,LJ10,3096.66,115.39,116,82.0,939.75,95.92
2025-09-24,LJ01,8148.89,960.82,294,72.0,2332.46,225.91
2025-09-24,LJ02,6070.46,226.01,223,54.0,1597.97,56.87
2025-09-24,LJ03,5319.11,286.43,223,66.0,1619.56,102.81
2025-09-24,LJ04,5062.46,178.27,200,46.0,1336.3,80.85
2025-09-24,LJ05,3000.2,75.32,171,20.0,736.98,14.53
2025-09-24,LJ06,7012.67,325.98,239,87.0,1794.84,61.98
2025-09-24,LJ07,4713.37,145.01,194,43.0,1351.46,73.23
2025-09-24,LJ08,4851.95,318.79,225,55.0,1691.31,73.4
2025-09-24,LJ09,4559.79,228.45,185,77.0,1429.41,55.5
2025-09-24,LJ10,3685.96,168.65,133,89.0,1084.76,137.21
2025-09-25,LJ01,8873.04,1070.65,326,83.0,2539.5,237.4
2025-09-25,LJ02,5627.06,266.54,195,59.0,1450.66,67.36
2025-09-25,LJ03,5325.35,335.49,213,66.0,1425.44,55.98
2025-09-25,LJ04,6004.27,232.33,233,48.0,1785.65,104.72
2025-09-25,LJ05,2769.84,58.2,172,22.0,718.27,11.02
2025-09-25,LJ06,5926.77,221.19,198,89.0,1557.65,77.21
2025-09-25,LJ07,4999.59,143.49,190,43.0,1347.88,41.17
2025-09-25,LJ08,4914.6,273.95,222,55.0,1801.8,121.93
2025-09-25,LJ09,5007.19,204.16,191,76.0,1518.22,75.98
2025-09-25,LJ10,3297.02,137.51,122,84.0,891.42,62.26
2025-09-26,LJ01,9779.26,1023.98,360,83.0,3115.63,331.41
2025-09-26,LJ02,8049.73,321.13,280,59.0,2341.74,120.27
2025-09-26,LJ03,5809.16,252.71,231,73.0,1710.46,81.73
2025-09-26,LJ04,7166.0,283.54,282,53.0,2075.96,104.1
2025-09-26,LJ05,3609.48,64.76,223,21.0,886.29,16.88
2025-09-26,LJ06,6159.04,282.63,206,100.0,1562.31,57.28
2025-09-26,LJ07,5443.45,231.66,210,47.0,1541.99,88.51
2025-09-26,LJ08,6004.85,316.37,257,55.0,2058.55,82.33
2025-09-26,LJ09,4441.21,217.55,177,76.0,1379.72,54.42
2025-09-26,LJ10,4001.43,158.82,154,91.0,1168.02,91.96
2025-09-27,LJ01,5658.64,657.98,215,77.0,1617.15,122.47
2025-09-27,LJ02,7745.62,390.81,292,59.0,2151.24,118.47
2025-09-27,LJ03,4056.79,192.29,164,65.0,1224.87,58.19
2025-09-27,LJ04,7746.98,255.83,284,50.0,2157.73,71.83
2025-09-27,LJ05,1915.77,37.57,118,18.0,512.93,9.21
2025-09-27,LJ06,5624.1,253.55,188,80.0,1558.39,73.5
2025-09-27,LJ07,6619.17,221.5,260,44.0,1817.34,78.27
2025-09-27,LJ08,4427.32,210.42,206,55.0,1552.16,74.86
2025-09-27,LJ09,4129.58,215.42,165,71.0,1227.83,48.36
2025-09-27,LJ10,3085.5,127.73,109,83.0,901.14,107.67
2025-09-28,LJ01,3859.51,440.26,151,64.0,1150.07,117.11
2025-09-28,LJ02,5901.92,213.01,209,62.0,1539.77,60.78
2025-09-28,LJ03,2006.93,116.11,83,55.0,540.94,33.71
2025-09-28,LJ04,5242.59,240.05,199,47.0,1572.19,53.52
2025-09-28,LJ05,988.17,24.14,56,16.0,255.2,6.21
2025-09-28,LJ06,3021.22,124.32,109,71.0,864.43,42.23
2025-09-28,LJ07,4405.19,127.24,176,42.0,1207.19,39.11
2025-09-28,LJ08,2195.55,146.99,100,46.0,776.87,60.83
2025-09-28,LJ09,2212.09,108.1,90,67.0,669.53,42.66
2025-09-28,LJ10,1726.54,74.22,61,77.0,504.71,40.87
2025-09-29,LJ01,6989.3,639.89,264,78.0,2222.66,206.33
2025-09-29,LJ02,4433.33,190.8,163,57.0,1209.86,65.63
2025-09-29,LJ03,4487.41,202.29,182,64.0,1344.77,75.88
2025-09-29,LJ04,5397.04,242.29,201,47.0,1491.73,74.53
2025-09-29,LJ05,3727.57,77.6,215,21.0,989.1,25.25
2025-09-29,LJ06,6417.98,236.11,217,98.0,1748.94,49.62
2025-09-29,LJ07,4300.97,183.1,164,40.0,1128.49,35.8
2025-09-29,LJ08,4457.35,215.49,207,51.0,1650.28,106.86
2025-09-29,LJ09,4175.8,259.52,159,76.0,1300.3,67.22
2025-09-29,LJ10,3120.72,143.07,113,87.0,867.58,109.41
2025-09-30,LJ01,7755.32,911.76,301,72.0,2443.29,183.13
2025-09-30,LJ02,5552.16,191.05,195,53.0,1594.08,50.43
2025-09-30,LJ03,4933.46,296.72,197,68.0,1459.16,58.23
2025-09-30,LJ04,4866.83,224.26,189,44.0,1418.63,64.17
2025-09-30,LJ05,3117.53,62.58,179,20.0,834.75,15.17
2025-09-30,LJ06,6215.18,280.61,206,97.0,1742.57,69.18
2025-09-30,LJ07,4479.84,194.13,169,42.0,1306.34,63.6
2025-09-30,LJ08,5158.97,344.98,236,57.0,1754.7,132.75
2025-09-30,LJ09,4240.34,258.55,165,86.0,1214.59,72.66
2025-09-30,LJ10,3210.92,141.61,119,82.0,876.42,107.56
2025-10-01,LJ01,8776.86,855.26,320,73.0,2576.74,169.86
2025-10-01,LJ02,5901.23,287.41,210,52.0,1660.58,56.08
2025-10-01,LJ03,4170.61,263.35,172,70.0,1182.7,48.5
2025-10-01,LJ04,5229.16,175.61,206,47.0,1451.8,43.04
2025-10-01,LJ05,3115.63,61.64,185,22.0,783.49,17.63
2025-10-01,LJ06,6835.1,385.99,233,88.0,1722.71,53.06
2025-10-01,LJ07,4607.38,199.0,175,43.0,1327.22,43.53
2025-10-01,LJ08,5521.19,388.82,259,57.0,1881.74,135.63
2025-10-01,LJ09,4185.5,251.25,160,80.0,1276.03,91.12
2025-10-01,LJ10,3809.78,178.19,136,92.0,1098.82,96.55
2025-10-02,LJ01,7136.79,977.26,267,79.0,2183.1,250.59
2025-10-02,LJ02,6754.82,322.61,235,62.0,1929.0,68.43
2025-10-02,LJ03,4169.46,233.34,172,70.0,1140.96,39.31
2025-10-02,LJ04,5910.57,202.65,227,49.0,1792.87,80.68
2025-10-02,LJ05,2916.66,54.13,180,23.0,743.0,10.83
2025-10-02,LJ06,5698.92,297.36,206,91.0,1588.23,56.16
2025-10-02,LJ07,5110.65,192.7,194,38.0,1504.25,45.0
2025-10-02,LJ08,4725.29,281.41,219,55.0,1813.52,77.58
2025-10-02,LJ09,4366.57,209.1,164,80.0,1372.24,60.91
2025-10-02,LJ10,3623.07,138.63,130,88.0,1098.69,87.13
2025-10-03,LJ01,8217.32,1042.19,299,80.0,2323.16,202.41
2025-10-03,LJ02,7061.25,303.05,260,65.0,2078.75,69.93
2025-10-03,LJ03,5017.28,238.34,203,67.0,1389.65,77.99
2025-10-03,LJ04,7944.66,348.28,290,53.0,2223.48,121.88
2025-10-03,LJ05,3304.39,60.78,201,22.0,896.46,18.12
2025-10-03,LJ06,6417.46,256.02,213,91.0,1644.69,41.01
2025-10-03,LJ07,5060.75,152.83,207,47.0,1419.22,51.0
2025-10-03,LJ08,5393.11,340.11,238,57.0,1875.95,124.07
2025-10-03,LJ09,4804.17,295.31,180,78.0,1431.92,59.79
2025-10-03,LJ10,4130.62,171.23,153,94.0,1252.62,98.21
2025-10-04,LJ01,5826.01,573.09,210,74.0,1837.64,174.44
2025-10-04,LJ02,7915.99,356.43,296,61.0,2045.7,92.42
2025-10-04,LJ03,3478.92,188.93,138,60.0,1069.64,38.85
2025-10-04,LJ04,7571.59,339.49,292,51.0,2085.29,119.03
2025-10-04,LJ05,2097.13,39.05,119,18.0,546.84,13.29
2025-10-04,LJ06,5227.42,198.27,179,81.0,1441.8,68.63
2025-10-04,LJ07,6439.9,249.66,248,47.0,1810.11,85.5
2025-10-04,LJ08,4030.1,277.93,181,53.0,1442.24,84.5
2025-10-04,LJ09,3497.82,210.3,134,70.0,1053.09,42.0
2025-10-04,LJ10,2742.72,108.47,99,89.0,793.96,78.78
2025-10-05,LJ01,3792.14,522.84,142,67.0,1097.49,69.99
2025-10-05,LJ02,5835.98,285.78,215,59.0,1665.05,92.02
2025-10-05,LJ03,2200.98,105.63,86,54.0,685.12,32.51
2025-10-05,LJ04,5534.09,224.33,202,46.0,1542.79,76.84
2025-10-05,LJ05,1015.13,23.88,59,15.0,273.65,5.95
2025-10-05,LJ06,2845.69,160.41,95,71.0,730.93,28.09
2025-10-05,LJ07,4836.13,140.8,195,41.0,1386.68,61.5
2025-10-05,LJ08,2294.84,120.05,103,42.0,803.54,65.14
2025-10-05,LJ09,2212.91,132.07,84,67.0,628.43,31.98
2025-10-05,LJ10,1498.64,57.9,54,69.0,414.83,36.94
2025-10-06,LJ01,7531.43,822.97,281,74.0,2345.16,191.45
2025-10-06,LJ02,4826.88,162.63,171,54.0,1288.33,57.06
2025-10-06,LJ03,4321.85,283.54,174,72.0,1162.8,45.73
2025-10-06,LJ04,5387.16,247.92,216,49.0,1498.33,77.11
2025-10-06,LJ05,2744.55,63.65,167,20.0,674.68,11.73
2025-10-06,LJ06,6306.64,249.76,229,87.0,1624.0,45.53
2025-10-06,LJ07,4559.36,135.04,172,38.0,1250.71,54.66
2025-10-06,LJ08,5301.47,328.54,232,52.0,2059.41,114.18
2025-10-06,LJ09,3931.62,243.42,151,73.0,1082.84,45.33
2025-10-06,LJ10,3371.59,145.16,120,94.0,926.98,68.39
2025-10-07,LJ01,7074.66,678.4,270,77.0,2094.7,119.91
2025-10-07,LJ02,5434.11,230.83,193,53.0,1585.78,77.3
2025-10-07,LJ03,4597.38,284.45,192,64.0,1406.04,82.98
2025-10-07,LJ04,5293.69,181.44,207,0.0,1496.05,71.73
2025-10-07,LJ05,3107.6,76.21,178,23.0,826.24,16.21
2025-10-07,LJ06,6012.24,293.84,203,93.0,1512.37,57.85
2025-10-07,LJ07,4327.21,162.64,171,41.0,1239.68,59.38
2025-10-07,LJ08,4646.39,228.81,214,54.0,1745.52,129.61
2025-10-07,LJ09,4781.4,222.56,180,82.0,1378.55,75.22
2025-10-07,LJ10,3998.36,200.62,142,91.0,1204.16,141.87
2025-10-08,LJ01,8539.48,878.98,328,79.0,2536.22,145.69
2025-10-08,LJ02,6549.6,229.91,225,58.0,1943.16,70.15
2025-10-08,LJ03,4722.93,216.08,195,66.0,1325.93,83.38
2025-10-08,LJ04,5519.93,253.67,216,44.0,1605.84,96.41
2025-10-08,LJ05,3780.1,66.21,214,20.0,923.23,20.48
2025-10-08,LJ06,5361.91,284.37,193,101.0,1352.75,66.29
2025-10-08,LJ07,4644.63,146.69,187,42.0,1347.09,47.97
2025-10-08,LJ08,5825.67,364.72,260,54.0,2012.44,118.29
2025-10-08,LJ09,4460.0,216.78,175,76.0,1284.06,83.69
2025-10-08,LJ10,3293.38,143.84,122,86.0,986.31,104.25
2025-10-09,LJ01,8571.2,978.63,312,84.0,2440.87,244.26
2025-10-09,LJ02,6666.7,298.88,234,57.0,1752.19,82.25
2025-10-09,LJ03,5609.06,289.13,221,71.0,1657.02,109.65
2025-10-09,LJ04,6369.42,228.22,232,45.0,1810.15,58.07
2025-10-09,LJ05,3012.91,62.82,177,21.0,790.27,17.88
2025-10-09,LJ06,5546.8,249.07,192,87.0,1411.46,59.78
2025-10-09,LJ07,5220.66,148.56,201,39.0,1519.34,44.43
2025-10-09,LJ08,5639.87,397.52,252,58.0,2124.03,102.91
2025-10-09,LJ09,4565.86,263.4,176,85.0,1381.75,58.85
2025-10-09,LJ10,3509.59,170.31,131,86.0,1045.16,74.83
2025-10-10,LJ01,8575.2,967.81,340,77.0,2415.63,217.34
2025-10-10,LJ02,6625.92,246.57,245,60.0,1730.2,73.86
2025-10-10,LJ03,5139.36,341.7,206,66.0,1457.09,86.93
2025-10-10,LJ04,7919.86,275.43,295,56.0,2202.71,83.62
2025-10-10,LJ05,2905.33,59.57,180,23.0,780.93,15.84
2025-10-10,LJ06,6206.93,294.03,216,99.0,1706.28,61.18
2025-10-10,LJ07,6575.06,247.27,247,47.0,1834.6,88.34
2025-10-10,LJ08,5558.6,274.47,238,56.0,1919.81,144.22
2025-10-10,LJ09,5401.47,248.31,206,82.0,1717.17,131.57
2025-10-10,LJ10,4053.46,173.81,144,93.0,1180.7,97.32
2025-10-11,LJ01,6034.49,761.93,228,68.0,1706.75,101.1
2025-10-11,LJ02,7356.13,299.93,260,61.0,2131.72,111.66
2025-10-11,LJ03,3848.8,231.73,155,63.0,1044.36,50.34
2025-10-11,LJ04,7705.19,332.81,292,54.0,2060.26,73.69
2025-10-11,LJ05,2269.74,45.98,137,18.0,603.62,12.94
2025-10-11,LJ06,5371.48,301.81,185,82.0,1499.1,59.13
2025-10-11,LJ07,7565.19,295.37,288,46.0,2232.62,87.37
2025-10-11,LJ08,4028.17,221.63,176,52.0,1537.75,124.65
2025-10-11,LJ09,3575.87,188.28,135,76.0,1014.95,70.15
2025-10-11,LJ10,2910.73,108.47,109,88.0,857.18,72.05
2025-10-12,LJ02,6181.05,310.9,212,60.0,1750.84,61.71
2025-10-12,LJ04,6445.37,228.86,253,49.0,1867.7,82.18
2025-10-12,LJ05,1191.12,23.44,69,16.0,293.12,5.96
2025-10-12,LJ06,2963.84,122.05,100,70.0,847.44,23.73
2025-10-12,LJ07,5239.49,201.84,204,40.0,1454.99,78.54
2025-10-12,LJ08,2388.61,164.03,108,43.0,838.13,57.32
2025-10-13,LJ01,8546.97,902.23,311,74.0,2739.34,295.43
2025-10-13,LJ02,5910.53,221.31,204,53.0,1664.42,60.96
2025-10-13,LJ03,5243.18,251.39,200,64.0,1554.42,67.93
2025-10-13,LJ04,5010.27,225.86,188,45.0,1460.6,61.87
2025-10-13,LJ05,3028.52,69.14,179,20.0,734.4,11.37
2025-10-13,LJ06,6539.53,362.63,224,94.0,1859.74,61.12
2025-10-13,LJ07,3953.0,113.67,151,40.0,1046.68,39.98
2025-10-13,LJ08,4594.84,238.46,205,51.0,1610.4,85.98
2025-10-13,LJ09,4663.79,273.34,189,85.0,1389.9,55.28
2025-10-13,LJ10,3151.97,133.01,118,87.0,917.26,105.38
2025-10-14,LJ01,6922.26,728.0,262,79.0,2089.54,204.88
2025-10-14,LJ02,5866.13,242.18,219,56.0,1525.61,73.86
2025-10-14,LJ03,4972.91,332.9,200,72.0,1387.45,93.47
2025-10-14,LJ04,4804.07,150.17,185,46.0,1306.47,65.3
2025-10-14,LJ05,2977.53,56.5,179,21.0,722.4,10.97
2025-10-14,LJ06,6332.06,306.13,214,93.0,1602.69,53.2
2025-10-14,LJ07,4356.63,125.28,177,42.0,1244.81,59.37
2025-10-14,LJ08,5103.83,262.65,222,54.0,1821.6,138.35
2025-10-14,LJ09,4320.9,191.02,169,82.0,1347.27,98.08
2025-10-14,LJ10,4045.6,148.31,146,94.0,1191.22,139.66
2025-10-15,LJ01,7450.79,1031.64,272,82.0,2219.37,259.67
2025-10-15,LJ02,5186.97,196.26,184,52.0,1426.5,51.31
2025-10-15,LJ03,4897.05,230.77,203,65.0,1375.43,76.83
2025-10-15,LJ04,6157.3,213.74,227,47.0,1706.29,72.25
2025-10-15,LJ05,3265.05,75.64,202,22.0,811.2,10.35
2025-10-15,LJ06,6078.46,330.18,208,97.0,1625.15,73.06
2025-10-15,LJ07,4625.34,154.86,180,38.0,1360.78,62.22
2025-10-15,LJ08,5412.48,375.42,239,52.0,2020.75,158.47
2025-10-15,LJ09,4845.17,213.93,185,75.0,1523.66,97.6
2025-10-15,LJ10,3783.52,179.68,138,84.0,1005.93,79.66
2025-10-16,LJ01,7933.24,1099.52,310,81.0,2333.53,254.96
2025-10-16,LJ02,5550.63,252.08,203,58.0,1463.66,78.65
2025-10-16,LJ03,5447.1,258.66,221,68.0,1563.2,91.58
2025-10-16,LJ04,5134.31,213.16,204,48.0,1404.04,80.19
2025-10-16,LJ05,3367.67,67.08,198,21.0,801.2,19.29
2025-10-16,LJ06,6302.8,324.9,214,101.0,1688.94,55.81
2025-10-16,LJ07,4416.43,147.96,169,43.0,1208.27,59.56
2025-10-16,LJ08,5182.45,362.41,233,54.0,1763.81,114.88
2025-10-16,LJ09,5240.7,233.41,209,86.0,1520.07,105.01
2025-10-16,LJ10,4014.87,138.86,155,88.0,1175.53,75.66
2025-10-17,LJ01,7364.41,967.38,274,78.0,2258.35,169.85
2025-10-17,LJ02,8592.59,288.05,301,62.0,2366.28,81.12
2025-10-17,LJ03,5173.79,290.46,209,66.0,1498.88,91.52
2025-10-17,LJ04,7728.62,318.59,289,57.0,2181.22,102.42
2025-10-17,LJ05,3562.99,78.52,217,23.0,885.34,15.66
2025-10-17,LJ06,6267.99,358.14,214,95.0,1765.82,69.63
2025-10-17,LJ07,6911.63,240.59,264,48.0,1988.36,83.64
2025-10-17,LJ08,4770.78,336.24,224,53.0,1634.95,82.29
2025-10-17,LJ09,4370.21,228.81,172,79.0,1257.13,78.1
2025-10-17,LJ10,3363.1,167.92,129,97.0,999.2,84.39
2025-10-18,LJ01,6464.42,804.59,254,74.0,1937.23,161.86
2025-10-18,LJ02,7390.79,349.99,257,61.0,2066.5,102.6
2025-10-18,LJ03,3331.17,187.46,133,67.0,949.6,55.55
2025-10-18,LJ04,8921.1,360.24,335,56.0,2438.6,141.27
2025-10-18,LJ05,2267.91,48.29,137,19.0,597.25,12.51
2025-10-18,LJ06,5260.96,280.65,188,91.0,1405.38,66.03
2025-10-18,LJ07,5898.27,173.53,230,48.0,1611.37,86.76
2025-10-18,LJ08,4192.88,275.17,195,52.0,1416.55,98.8
2025-10-18,LJ09,3168.58,157.86,128,68.0,1003.25,49.6
2025-10-18,LJ10,2829.33,137.71,102,79.0,855.95,84.18
2025-10-19,LJ01,3781.83,466.54,136,67.0,1156.19,84.35
2025-10-19,LJ02,6184.88,283.09,226,56.0,1774.86,57.55
2025-10-19,LJ03,2570.22,158.44,101,51.0,703.85,31.42
2025-10-19,LJ04,6810.09,225.2,253,53.0,1821.82,97.12
2025-10-19,LJ05,917.11,21.6,55,15.0,218.3,3.64
2025-10-19,LJ06,3357.96,149.14,111,72.0,934.26,35.85
2025-10-19,LJ07,5607.61,183.46,216,43.0,1546.96,84.33
2025-10-19,LJ08,2168.27,126.76,98,46.0,813.8,64.19
2025-10-19,LJ09,2483.77,146.45,95,64.0,774.64,30.62
2025-10-19,LJ10,1734.99,93.07,65,72.0,506.39,37.26
2025-10-20,LJ01,8309.54,786.88,312,80.0,2686.01,202.15
2025-10-20,LJ02,4998.46,220.29,189,58.0,1287.18,63.1
2025-10-20,LJ03,4552.28,252.0,174,62.0,1344.3,62.53
2025-10-20,LJ04,4820.06,144.08,185,49.0,1336.36,64.87
2025-10-20,LJ05,3455.97,79.44,198,21.0,934.63,21.22
2025-10-20,LJ06,6580.89,257.21,224,99.0,1780.99,56.68
2025-10-20,LJ07,4206.64,147.04,166,42.0,1255.66,72.3
2025-10-20,LJ08,4762.86,223.79,207,54.0,1878.15,131.87
2025-10-20,LJ09,4296.46,256.79,159,74.0,1262.05,58.11
2025-10-20,LJ10,3990.52,140.65,145,83.0,1227.93,98.65
2025-10-21,LJ01,7274.04,727.53,263,71.0,2251.83,157.51
2025-10-21,LJ02,5940.58,288.71,210,57.0,1737.32,69.57
2025-10-21,LJ03,5035.43,258.91,203,71.0,1513.43,95.99
2025-10-21,LJ04,5717.11,248.73,209,44.0,1693.84,88.62
2025-10-21,LJ05,3400.42,68.37,198,22.0,846.95,16.81
2025-10-21,LJ06,6448.83,344.88,215,96.0,1745.6,61.7
2025-10-21,LJ07,4727.46,170.28,188,42.0,1412.81,44.34
2025-10-21,LJ08,5042.13,230.77,218,59.0,1923.7,133.33
2025-10-21,LJ09,5084.15,308.38,198,80.0,1585.81,69.85
2025-10-21,LJ10,3500.25,178.78,132,92.0,1045.97,99.84
2025-10-22,LJ01,8126.16,773.44,313,83.0,2436.85,245.3
2025-10-22,LJ02,6429.16,278.64,221,59.0,1648.2,81.21
2025-10-22,LJ03,4165.35,252.0,170,67.0,1213.76,52.96
2025-10-22,LJ04,5919.3,230.77,234,51.0,1770.87,58.07
2025-10-22,LJ05,2947.96,53.1,180,22.0,769.43,10.12
2025-10-22,LJ06,6130.79,321.87,209,95.0,1549.28,47.66
2025-10-22,LJ07,4870.7,209.16,195,44.0,1323.32,63.62
2025-10-22,LJ08,4711.73,271.05,215,53.0,1683.14,92.99
2025-10-22,LJ09,5125.25,245.03,190,77.0,1502.73,115.44
2025-10-22,LJ10,4518.94,225.55,161,91.0,1249.02,156.14
2025-10-23,LJ01,7607.45,981.84,299,72.0,2194.88,228.12
2025-10-23,LJ02,6689.24,290.07,243,60.0,1813.36,53.44
2025-10-23,LJ03,5116.47,249.05,214,71.0,1413.66,57.15
2025-10-23,LJ04,5201.72,183.28,199,45.0,1443.77,51.87
2025-10-23,LJ05,3390.46,68.48,199,20.0,872.02,18.34
2025-10-23,LJ06,6574.92,314.38,239,90.0,1700.51,49.57
2025-10-23,LJ07,4471.51,191.18,177,42.0,1270.24,43.4
2025-10-23,LJ08,5643.25,335.45,264,54.0,2200.71,146.4
2025-10-23,LJ09,4948.57,303.42,191,81.0,1460.04,97.5
2025-10-23,LJ10,4191.86,216.8,153,91.0,1123.58,76.79
2025-10-24,LJ01,8006.51,796.56,303,76.0,2402.87,272.98
2025-10-24,LJ02,8044.97,379.89,281,62.0,2335.88,69.07
2025-10-24,LJ03,5407.67,298.1,220,66.0,1660.28,112.24
2025-10-24,LJ04,7868.33,332.31,289,52.0,2298.2,121.11
2025-10-24,LJ05,3771.2,80.23,220,22.0,987.9,24.27
2025-10-24,LJ06,6721.44,282.45,223,93.0,1728.42,52.6
2025-10-24,LJ07,6529.11,275.02,259,45.0,1826.08,98.59
2025-10-24,LJ08,5746.49,272.24,252,60.0,2153.46,89.15
2025-10-24,LJ09,5508.02,236.16,210,83.0,1579.55,110.43
2025-10-24,LJ10,3650.49,142.76,137,93.0,1056.45,107.71
2025-10-25,LJ01,6387.34,576.23,234,70.0,1876.7,150.16
2025-10-25,LJ02,7922.23,284.04,272,63.0,2167.9,119.96
2025-10-25,LJ03,3436.52,168.47,132,63.0,1044.46,36.9
2025-10-25,LJ04,8294.86,287.29,333,51.0,2303.62,135.79
2025-10-25,LJ05,1776.03,45.18,110,19.0,451.07,5.66
2025-10-25,LJ06,4553.6,233.79,162,92.0,1162.05,44.43
2025-10-25,LJ07,7264.37,282.09,288,44.0,2152.3,101.02
2025-10-25,LJ08,4341.63,273.59,203,50.0,1523.75,86.67
2025-10-25,LJ09,3682.67,227.43,143,73.0,1081.07,52.28
2025-10-25,LJ10,3131.68,159.47,113,84.0,888.18,58.08
2025-10-26,LJ01,3831.18,471.88,148,65.0,1073.63,90.45
2025-10-26,LJ02,6097.06,221.05,212,58.0,1772.79,90.59
2025-10-26,LJ03,2632.25,114.07,101,51.0,730.16,47.82
2025-10-26,LJ04,5324.93,212.6,205,50.0,1402.57,55.57
2025-10-26,LJ05,1153.63,29.23,67,15.0,275.42,3.75
2025-10-26,LJ06,2850.44,118.78,97,74.0,794.13,38.77
2025-10-26,LJ07,5884.73,178.01,222,43.0,1670.36,87.48
2025-10-26,LJ08,2276.77,159.86,101,46.0,848.67,51.07
2025-10-26,LJ09,2343.43,94.19,92,61.0,683.24,44.09
2025-10-26,LJ10,2006.35,99.84,75,72.0,583.53,72.6
2025-10-27,LJ01,8434.07,953.93,315,74.0,2345.98,167.1
2025-10-27,LJ02,4395.88,204.91,166,53.0,1288.44,58.12
2025-10-27,LJ03,4383.08,215.9,174,70.0,1266.55,57.21
2025-10-27,LJ04,5486.2,199.65,215,47.0,1575.84,74.59
2025-10-27,LJ05,2954.4,60.64,178,19.0,781.39,10.96
2025-10-27,LJ06,5563.82,300.42,193,98.0,1548.14,59.29
2025-10-27,LJ07,4978.94,202.13,188,41.0,1337.3,46.05
2025-10-27,LJ08,5276.75,271.15,225,53.0,1959.67,101.19
2025-10-27,LJ09,4537.7,190.28,172,73.0,1330.43,93.69
2025-10-27,LJ10,4388.74,160.11,158,84.0,1317.64,135.97
2025-10-28,LJ01,8430.68,809.15,309,73.0,2671.82,232.94
2025-10-28,LJ02,4583.27,151.37,173,55.0,1192.47,60.48
2025-10-28,LJ03,5116.91,227.32,199,71.0,1569.74,85.19
2025-10-28,LJ04,5352.21,167.67,207,50.0,1477.15,50.57
2025-10-28,LJ05,2877.95,50.2,168,22.0,755.79,16.76
2025-10-28,LJ06,6512.61,363.74,222,94.0,1807.02,64.75
2025-10-28,LJ07,3840.45,115.86,149,39.0,1087.75,59.79
2025-10-28,LJ08,5060.87,334.65,222,52.0,1805.86,80.42
2025-10-28,LJ09,4245.85,186.58,172,73.0,1232.13,84.75
2025-10-28,LJ10,3907.79,203.84,142,95.0,1033.31,64.33
2025-10-29,LJ01,8221.15,930.09,307,84.0,2547.2,260.96
2025-10-29,LJ02,5979.58,221.75,210,53.0,1590.98,81.23
2025-10-29,LJ03,4514.76,300.76,178,65.0,1377.3,86.27
2025-10-29,LJ04,6179.57,235.03,226,50.0,1674.17,80.8
2025-10-29,LJ05,3798.28,64.82,215,23.0,958.67,19.04
2025-10-29,LJ06,6816.32,340.52,234,89.0,1859.91,46.21
2025-10-29,LJ07,4660.13,173.45,185,43.0,1247.17,57.28
2025-10-29,LJ08,5738.31,303.04,244,54.0,2203.37,165.12
2025-10-29,LJ09,4605.49,184.42,187,77.0,1322.1,88.26
2025-10-29,LJ10,4233.92,193.84,152,87.0,1243.19,85.62
2025-10-30,LJ01,8011.49,921.63,317,83.0,2251.41,247.06
2025-10-30,LJ02,6435.0,320.53,221,56.0,1830.98,100.98
2025-10-30,LJ03,5046.89,231.52,199,73.0,1402.51,85.9
2025-10-30,LJ04,5302.8,173.62,213,48.0,1414.97,61.59
2025-10-30,LJ05,3300.09,57.29,198,20.0,874.07,20.04
2025-10-30,LJ06,7193.36,312.6,242,101.0,1857.27,70.91
2025-10-30,LJ07,4906.43,152.67,189,43.0,1433.49,69.91
2025-10-30,LJ08,5705.4,384.29,246,52.0,2095.05,120.65
2025-10-30,LJ09,4614.33,255.0,187,87.0,1385.23,87.85
2025-10-30,LJ10,3873.89,189.62,149,94.0,1076.89,67.49
2025-10-31,LJ01,8265.24,1127.41,298,79.0,2398.63,216.33
2025-10-31,LJ02,6453.74,322.79,240,65.0,1656.65,75.99
2025-10-31,LJ03,4926.01,225.2,194,68.0,1500.82,69.64
2025-10-31,LJ04,6296.72,198.56,246,53.0,1779.63,86.97
2025-10-31,LJ05,3720.07,93.09,211,20.0,984.8,13.19
2025-10-31,LJ06,7055.82,278.77,240,92.0,1875.68,80.46
2025-10-31,LJ07,6839.34,228.16,261,48.0,1987.31,83.38
2025-10-31,LJ08,5711.59,279.26,255,59.0,2231.72,136.69
2025-10-31,LJ09,4531.61,210.33,172,79.0,1305.0,56.06
2025-10-31,LJ10,3809.79,150.21,141,84.0,1108.35,128.76
2025-11-01,LJ01,6646.36,765.52,243,73.0,1855.13,176.08
2025-11-01,LJ02,9572.72,407.15,349,61.0,2811.99,94.48
2025-11-01,LJ03,3452.6,156.26,136,60.0,1062.01,43.03
2025-11-01,LJ04,8215.1,324.6,307,54.0,2291.72,108.79
2025-11-01,LJ05,2246.03,53.47,129,18.0,578.35,14.69
2025-11-01,LJ06,4805.74,257.28,169,86.0,1214.99,49.94
2025-11-01,LJ07,6144.92,250.5,242,49.0,1740.45,98.09
2025-11-01,LJ08,3989.13,225.12,172,51.0,1468.91,74.92
2025-11-01,LJ09,3607.12,150.23,141,75.0,1019.8,60.41
2025-11-01,LJ10,3277.26,116.69,125,88.0,1003.27,89.6
2025-11-02,LJ02,6324.49,257.02,232,60.0,1839.45,93.99
2025-11-02,LJ04,7029.26,229.06,256,47.0,2115.14,64.64
2025-11-02,LJ05,1030.21,25.54,61,16.0,257.79,4.94
2025-11-02,LJ06,3152.7,168.88,104,76.0,835.49,28.94
2025-11-02,LJ07,4835.35,142.42,194,42.0,1455.83,71.77
2025-11-02,LJ08,2165.31,121.93,96,42.0,757.96,36.42
2025-11-02,LJ09,1845.53,91.08,73,68.0,531.64,21.58
2025-11-03,LJ01,7028.64,632.43,267,79.0,2037.46,152.81
2025-11-03,LJ02,5561.39,215.94,205,52.0,1600.38,76.57
2025-11-03,LJ03,4449.66,218.65,169,67.0,1317.1,52.11
2025-11-03,LJ04,4769.65,204.19,185,43.0,1375.14,51.73
2025-11-03,LJ05,2636.14,44.1,162,22.0,669.87,11.48
2025-11-03,LJ06,5517.68,310.53,190,92.0,1530.9,66.55
2025-11-03,LJ07,4208.03,157.32,159,40.0,1151.42,49.26
2025-11-03,LJ08,4201.39,211.85,194,54.0,1649.94,102.39
2025-11-03,LJ09,3881.22,156.61,157,75.0,1222.42,87.08
2025-11-03,LJ10,3806.44,182.12,137,84.0,1040.78,97.74
2025-11-04,LJ01,7080.53,658.0,255,81.0,2172.03,131.97
2025-11-04,LJ02,6287.67,228.18,227,54.0,1677.51,76.45
2025-11-04,LJ03,4489.72,209.34,184,63.0,1391.4,64.17
2025-11-04,LJ04,5338.83,232.55,213,48.0,1574.48,75.75
2025-11-04,LJ05,2940.37,66.05,176,20.0,769.36,15.64
2025-11-04,LJ06,6178.75,263.84,218,98.0,1580.25,74.06
2025-11-04,LJ07,4507.83,184.22,178,38.0,1171.36,60.91
2025-11-04,LJ08,5341.68,362.01,233,53.0,2004.28,122.02
2025-11-04,LJ09,4397.48,220.48,172,77.0,1218.85,70.32
2025-11-04,LJ10,4518.83,217.02,160,86.0,1286.99,164.17
2025-11-05,LJ01,7260.25,826.66,283,78.0,2141.13,182.27
2025-11-05,LJ02,6549.08,251.46,241,59.0,1752.21,86.53
2025-11-05,LJ03,4198.64,272.33,168,63.0,1259.87,79.76
2025-11-05,LJ04,5202.26,156.96,201,50.0,1452.5,60.61
2025-11-05,LJ05,2793.8,50.31,169,19.0,666.05,10.57
2025-11-05,LJ06,6358.11,326.4,214,92.0,1818.51,62.43
2025-11-05,LJ07,4472.21,126.36,184,39.0,1251.36,52.63
2025-11-05,LJ08,5468.15,380.39,234,59.0,1924.69,154.47
2025-11-05,LJ09,4024.9,200.68,156,76.0,1136.2,87.3
2025-11-05,LJ10,4388.91,209.87,166,86.0,1315.56,163.88
2025-11-06,LJ01,9130.89,908.3,332,79.0,2857.66,251.4
2025-11-06,LJ02,6971.94,292.44,241,58.0,1992.86,57.27
2025-11-06,LJ03,4183.14,187.27,170,70.0,1182.74,66.0
2025-11-06,LJ04,6938.04,317.25,268,45.0,1981.27,89.72
2025-11-06,LJ05,3463.03,58.47,212,21.0,896.87,11.17
2025-11-06,LJ06,5789.44,275.2,199,92.0,1634.11,81.97
2025-11-06,LJ07,4871.18,167.52,196,44.0,1320.95,74.14
2025-11-06,LJ08,5111.99,260.74,224,53.0,1777.69,129.3
2025-11-06,LJ09,4993.48,220.95,187,82.0,1587.82,81.95
2025-11-06,LJ10,4400.14,197.47,162,97.0,1305.45,161.27
2025-11-07,LJ01,8010.17,878.8,309,85.0,2420.28,270.08
2025-11-07,LJ02,7313.88,321.82,263,61.0,1956.23,71.31
2025-11-07,LJ03,5449.68,347.14,218,73.0,1513.93,80.34
2025-11-07,LJ04,8057.65,291.19,298,56.0,2440.49,83.73
2025-11-07,LJ05,3048.26,57.32,183,21.0,755.11,11.04
2025-11-07,LJ06,5776.89,227.39,208,97.0,1472.18,48.32
2025-11-07,LJ07,6813.42,295.27,257,45.0,2025.39,61.05
2025-11-07,LJ08,5386.06,270.03,249,61.0,1855.48,80.85
2025-11-07,LJ09,4191.18,243.02,163,84.0,1195.12,88.21
2025-11-07,LJ10,4007.73,207.91,154,87.0,1109.19,109.97
2025-11-08,LJ01,5158.29,686.06,203,72.0,1418.4,152.25
2025-11-08,LJ02,8848.01,395.22,333,59.0,2318.51,68.63
2025-11-08,LJ03,3950.67,209.48,152,58.0,1182.16,81.24
2025-11-08,LJ04,8105.81,349.69,320,52.0,2344.94,141.36
2025-11-08,LJ05,2128.03,47.07,121,19.0,536.93,7.06
2025-11-08,LJ06,5393.35,290.66,186,80.0,1350.98,44.6
2025-11-08,LJ07,7500.64,239.61,285,49.0,2184.75,79.14
2025-11-08,LJ08,3831.96,184.04,165,48.0,1363.97,98.98
2025-11-08,LJ09,3532.14,204.6,139,78.0,1015.85,63.81
2025-11-08,LJ10,3250.4,161.44,123,87.0,890.52,63.99
2025-11-09,LJ01,3763.76,507.01,136,59.0,1100.66,109.83
2025-11-09,LJ02,5872.61,276.74,212,58.0,1526.19,42.56
2025-11-09,LJ03,2378.12,149.84,91,51.0,665.49,45.45
2025-11-09,LJ04,7676.83,324.69,280,47.0,2279.02,120.23
2025-11-09,LJ05,1211.46,27.29,70,16.0,300.05,3.77
2025-11-09,LJ06,3017.84,135.95,108,76.0,796.16,23.87
2025-11-09,LJ07,4901.55,145.66,199,40.0,1325.06,48.59
2025-11-09,LJ08,2366.74,117.95,105,47.0,890.6,62.8
2025-11-09,LJ09,2217.89,117.93,84,60.0,643.86,43.5
2025-11-09,LJ10,2181.31,91.24,81,68.0,624.51,69.69
2025-11-10,LJ01,8184.7,770.95,305,82.0,2507.25,226.55
2025-11-10,LJ02,5762.95,217.11,201,59.0,1571.82,46.26
2025-11-10,LJ03,4714.52,214.84,180,66.0,1406.07,82.62
2025-11-10,LJ04,5661.82,193.53,224,46.0,1506.76,89.57
2025-11-10,LJ05,2859.69,70.79,167,21.0,732.33,12.98
2025-11-10,LJ06,5470.78,221.04,187,85.0,1500.5,56.75
2025-11-10,LJ07,4464.57,187.7,175,40.0,1310.52,62.61
2025-11-10,LJ08,4838.5,228.24,222,56.0,1724.76,81.17
2025-11-10,LJ09,4630.9,246.97,178,75.0,1366.75,97.48
2025-11-10,LJ10,3846.93,152.72,148,86.0,1049.23,70.91
2025-11-11,LJ01,8196.11,936.64,305,78.0,2490.16,262.25
2025-11-11,LJ02,5015.87,242.79,188,58.0,1357.67,50.33
2025-11-11,LJ03,4314.75,234.79,171,72.0,1208.54,48.42
2025-11-11,LJ04,4882.57,200.65,195,48.0,1438.8,44.39
2025-11-11,LJ05,2965.02,69.36,168,21.0,697.79,12.03
2025-11-11,LJ06,6378.25,330.1,212,96.0,1704.27,65.77
2025-11-11,LJ07,4662.6,177.35,179,42.0,1302.85,62.69
2025-11-11,LJ08,5041.87,301.31,230,59.0,1871.49,138.25
2025-11-11,LJ09,4214.93,176.31,159,80.0,1268.23,56.35
2025-11-11,LJ10,4391.27,151.79,160,90.0,1262.81,117.89
2025-11-12,LJ01,8592.32,1167.48,328,76.0,2464.88,249.68
2025-11-12,LJ02,5439.88,266.43,197,60.0,1576.06,80.55
2025-11-12,LJ03,5209.17,254.71,201,66.0,1529.64,89.22
2025-11-12,LJ04,5986.47,185.79,224,49.0,1755.99,52.9
2025-11-12,LJ05,2798.78,59.05,165,20.0,754.55,14.68
2025-11-12,LJ06,5438.9,226.86,189,90.0,1537.02,51.49
2025-11-12,LJ07,5498.97,155.58,212,40.0,1601.16,87.84
2025-11-12,LJ08,5843.33,388.39,253,52.0,2168.41,90.82
2025-11-12,LJ09,4150.41,176.13,167,81.0,1323.41,95.36
2025-11-12,LJ10,4492.48,157.86,170,90.0,1304.82,158.13
2025-11-13,LJ01,8909.08,975.53,330,0.0,2684.1,162.1
2025-11-13,LJ02,5823.77,255.47,205,57.0,1601.07,51.66
2025-11-13,LJ03,4687.27,294.91,189,67.0,1426.25,78.37
2025-11-13,LJ04,5442.77,226.3,214,49.0,1551.88,76.73
2025-11-13,LJ05,3763.08,68.69,218,22.0,923.05,19.02
2025-11-13,LJ06,6549.45,281.84,227,88.0,1717.52,51.79
2025-11-13,LJ07,5017.95,195.28,205,44.0,1469.35,60.94
2025-11-13,LJ08,6035.59,311.53,264,59.0,2212.85,101.56
2025-11-13,LJ09,4961.4,211.44,184,86.0,1576.96,89.8
2025-11-13,LJ10,4055.02,183.38,147,89.0,1177.06,96.62
2025-11-14,LJ01,9602.32,1113.5,346,75.0,2729.56,182.56
2025-11-14,LJ02,7246.34,295.55,259,60.0,1932.62,58.57
2025-11-14,LJ03,5104.86,267.45,208,72.0,1543.7,56.31
2025-11-14,LJ04,8717.09,310.68,328,49.0,2479.56,128.84
2025-11-14,LJ05,3164.63,67.46,189,23.0,812.76,16.79
2025-11-14,LJ06,7120.56,327.37,249,99.0,2039.19,56.89
2025-11-14,LJ07,7219.76,270.08,276,41.0,2007.22,65.01
2025-11-14,LJ08,5265.69,314.56,238,55.0,1796.17,121.14
2025-11-14,LJ09,4621.45,219.04,171,88.0,1284.65,78.02
2025-11-14,LJ10,4247.91,193.18,153,90.0,1255.58,97.03
2025-11-15,LJ02,7839.62,368.97,272,64.0,2234.41,91.82
2025-11-15,LJ04,7952.34,313.64,314,52.0,2153.84,107.15
2025-11-15,LJ05,2261.73,50.03,140,18.0,585.84,11.59
2025-11-15,LJ07,6856.73,259.42,284,48.0,2039.1,82.65
2025-11-16,LJ01,3976.56,508.56,145,60.0,1231.77,116.08
2025-11-16,LJ02,5645.23,268.08,211,54.0,1456.2,43.77
2025-11-16,LJ03,2439.11,132.3,98,53.0,688.88,25.07
2025-11-16,LJ04,5977.65,243.44,225,52.0,1629.14,48.96
2025-11-16,LJ05,1008.21,16.84,59,16.0,271.86,5.91
2025-11-16,LJ06,2923.32,134.96,105,80.0,807.95,30.16
2025-11-16,LJ07,4772.92,208.4,194,39.0,1245.83,42.65
2025-11-16,LJ08,2575.51,141.44,110,47.0,896.19,67.09
2025-11-16,LJ09,2205.67,95.32,87,66.0,691.08,43.43
2025-11-16,LJ10,1770.87,85.78,64,69.0,506.12,49.24
2025-11-17,LJ01,8328.85,748.11,312,74.0,2434.67,287.06
2025-11-17,LJ02,5849.13,259.78,211,57.0,1667.86,81.85
2025-11-17,LJ03,4160.48,256.33,167,67.0,1166.67,70.91
2025-11-17,LJ04,5682.53,200.42,207,50.0,1672.92,57.52
2025-11-17,LJ05,3304.52,71.46,193,21.0,870.12,20.67
2025-11-17,LJ06,5250.25,267.32,186,95.0,1415.21,46.0
2025-11-17,LJ07,4303.02,144.08,177,42.0,1133.72,48.1
2025-11-17,LJ08,4984.57,259.94,216,54.0,1844.49,114.54
2025-11-17,LJ09,3718.33,162.92,149,79.0,1115.18,73.52
2025-11-17,LJ10,4396.4,191.32,160,93.0,1341.41,83.93
2025-11-18,LJ01,6904.97,837.51,271,76.0,2119.29,214.0
2025-11-18,LJ02,5396.5,223.15,200,56.0,1574.72,65.39
2025-11-18,LJ03,3992.42,188.75,165,66.0,1192.43,52.96
2025-11-18,LJ04,5292.99,197.45,193,48.0,1453.9,78.58
2025-11-18,LJ05,3022.09,60.72,177,20.0,814.79,14.09
2025-11-18,LJ06,6458.78,282.63,215,94.0,1734.73,58.77
2025-11-18,LJ07,4103.16,159.79,167,41.0,1102.95,50.65
2025-11-18,LJ08,5561.33,291.79,248,54.0,1955.6,134.1
2025-11-18,LJ09,4196.78,224.38,165,78.0,1228.13,84.22
2025-11-18,LJ10,4324.0,227.64,160,85.0,1224.27,105.44
2025-11-19,LJ01,7512.19,887.19,282,76.0,2269.74,261.51
2025-11-19,LJ02,6286.41,240.87,227,59.0,1718.17,70.86
2025-11-19,LJ03,4347.56,200.35,169,63.0,1231.65,60.0
2025-11-19,LJ04,6791.06,252.08,248,44.0,1838.42,73.72
2025-11-19,LJ05,3125.71,53.63,181,21.0,754.72,15.49
2025-11-19,LJ06,5421.87,284.71,191,91.0,1444.78,63.21
2025-11-19,LJ07,5311.8,174.98,203,38.0,1443.19,44.99
2025-11-19,LJ08,5446.8,290.54,235,51.0,2081.68,112.0
2025-11-19,LJ09,3948.28,159.69,159,83.0,1139.9,65.14
2025-11-19,LJ10,4866.2,228.36,176,94.0,1406.75,121.93
2025-11-20,LJ01,8077.52,996.0,316,80.0,2414.18,190.24
2025-11-20,LJ02,5832.88,277.77,207,57.0,1538.36,49.23
2025-11-20,LJ03,5007.92,218.55,198,65.0,1523.28,93.52
2025-11-20,LJ04,6502.22,215.03,246,47.0,1808.45,87.6
2025-11-20,LJ05,3079.62,55.48,188,22.0,805.69,12.21
2025-11-20,LJ07,5211.28,228.53,201,39.0,1382.32,54.08
2025-11-20,LJ11,1817.61,31.34,115,14.0,479.59,13.44
2025-11-21,LJ01,8678.15,881.37,322,81.0,2766.81,234.93
2025-11-21,LJ02,7706.9,345.92,281,61.0,2197.15,99.35
2025-11-21,LJ03,5218.98,289.87,208,64.0,1408.74,71.8
2025-11-21,LJ04,8663.48,325.53,334,54.0,2609.07,143.17
2025-11-21,LJ05,3328.27,81.61,194,22.0,807.48,15.66
2025-11-21,LJ06,6488.05,324.66,215,101.0,1735.84,83.44
2025-11-21,LJ07,5396.43,171.94,219,46.0,1573.91,49.09
2025-11-21,LJ08,5182.12,285.79,225,57.0,1959.43,90.5
2025-11-21,LJ09,4469.72,206.44,178,81.0,1370.72,68.99
2025-11-21,LJ10,5367.53,215.28,194,87.0,1533.88,163.69
2025-11-21,LJ11,1708.68,29.81,102,15.0,418.7,6.02
2025-11-22,LJ01,5940.34,668.48,225,70.0,1716.86,117.24
2025-11-22,LJ02,8185.97,304.68,296,65.0,2116.15,66.25
2025-11-22,LJ03,3665.62,219.73,142,60.0,1017.43,52.73
2025-11-22,LJ04,8387.18,332.36,307,54.0,2227.55,126.02
2025-11-22,LJ05,2304.2,41.07,133,20.0,590.35,12.7
2025-11-22,LJ06,4349.53,208.71,152,88.0,1225.82,47.34
2025-11-22,LJ07,7061.36,305.02,292,49.0,2091.74,65.56
2025-11-22,LJ08,4283.89,302.72,187,54.0,1630.36,112.37
2025-11-22,LJ09,3778.81,155.11,142,75.0,1076.65,57.65
2025-11-22,LJ10,3466.74,161.07,131,77.0,957.01,72.52
2025-11-22,LJ11,1083.83,15.29,69,12.0,254.79,4.26
2025-11-23,LJ01,3346.01,380.33,121,68.0,984.7,106.62
2025-11-23,LJ02,6866.26,327.54,244,60.0,1771.88,84.2
2025-11-23,LJ03,2465.37,111.29,98,51.0,725.97,39.57
2025-11-23,LJ04,6906.92,300.01,273,50.0,1936.89,79.23
2025-11-23,LJ05,1077.75,20.68,67,17.0,258.14,6.28
2025-11-23,LJ06,2866.38,108.19,100,70.0,792.52,39.22
2025-11-23,LJ07,5488.29,182.46,221,40.0,1638.75,61.3
2025-11-23,LJ08,2479.85,159.22,108,46.0,926.79,60.48
2025-11-23,LJ09,2290.49,138.43,86,66.0,655.24,29.77
2025-11-23,LJ10,2137.19,88.82,78,74.0,606.35,68.92
2025-11-23,LJ11,594.91,12.4,37,12.0,143.78,3.08
2025-11-24,LJ01,7830.05,952.52,297,79.0,2270.75,167.53
2025-11-24,LJ02,5766.76,283.34,204,51.0,1483.31,73.54
2025-11-24,LJ03,4020.8,236.44,163,65.0,1080.29,74.89
2025-11-24,LJ04,6280.09,237.09,230,48.0,1721.62,95.79
2025-11-24,LJ05,3338.93,82.34,193,21.0,831.12,12.24
2025-11-24,LJ06,4927.74,221.42,179,97.0,1242.34,36.12
2025-11-24,LJ07,4665.77,143.64,176,41.0,1404.65,66.59
2025-11-24,LJ08,4791.28,231.5,212,53.0,1872.31,90.41
2025-11-24,LJ09,4692.0,288.87,181,85.0,1281.84,54.95
2025-11-24,LJ10,4906.79,189.08,174,85.0,1414.58,132.42
2025-11-24,LJ11,1830.05,29.96,113,14.0,458.16,7.1
2025-11-25,LJ01,7135.43,847.4,268,77.0,2228.49,155.97
2025-11-25,LJ02,5815.96,292.12,210,60.0,1540.02,42.08
2025-11-25,LJ03,4975.19,333.67,206,64.0,1494.19,62.77
2025-11-25,LJ04,5560.35,232.64,217,46.0,1544.25,53.55
2025-11-25,LJ05,2937.68,53.38,167,22.0,713.11,17.97
2025-11-25,LJ06,6429.57,331.92,213,99.0,1645.78,72.23
2025-11-25,LJ07,5073.47,157.23,193,41.0,1354.57,43.09
2025-11-25,LJ08,5244.54,309.92,241,57.0,1794.16,89.07
2025-11-25,LJ09,4574.0,186.44,172,86.0,1344.06,53.15
2025-11-25,LJ10,3961.72,191.26,148,85.0,1143.9,134.79
2025-11-25,LJ11,1833.62,34.35,119,15.0,444.42,7.32
2025-11-26,LJ01,7836.92,831.84,295,75.0,2191.09,209.33
2025-11-26,LJ02,5786.02,251.54,201,55.0,1647.63,88.7
2025-11-26,LJ03,4635.09,307.62,191,72.0,1306.29,51.53
2025-11-26,LJ04,5487.02,167.89,208,50.0,1667.57,68.92
2025-11-26,LJ05,3458.93,85.3,201,21.0,843.65,17.44
2025-11-26,LJ06,5379.02,295.89,187,87.0,1464.9,74.08
2025-11-26,LJ07,5273.07,159.73,200,40.0,1446.29,45.79
2025-11-26,LJ08,5639.3,303.05,252,58.0,2163.61,90.13
2025-11-26,LJ09,4584.72,236.06,173,79.0,1298.51,57.74
2025-11-26,LJ10,4229.17,175.32,161,92.0,1210.29,108.03
2025-11-26,LJ11,1888.56,35.55,114,14.0,473.12,8.39
2025-11-27,LJ01,7431.99,686.83,288,83.0,2167.81,220.45
2025-11-27,LJ02,5705.84,251.58,210,60.0,1559.14,44.63
2025-11-27,LJ03,4458.83,194.69,181,71.0,1348.35,67.11
2025-11-27,LJ04,6070.58,253.61,225,52.0,1806.92,93.6
2025-11-27,LJ05,3142.98,53.11,185,20.0,822.79,16.04
2025-11-27,LJ06,7060.22,336.18,241,90.0,1845.23,65.71
2025-11-27,LJ07,5425.02,167.43,206,43.0,1550.17,91.79
2025-11-27,LJ08,5125.23,361.34,224,54.0,1886.99,120.65
2025-11-27,LJ09,4945.3,213.8,197,83.0,1554.01,78.47
2025-11-27,LJ10,4772.33,203.3,171,90.0,1455.47,115.83
2025-11-27,LJ11,1767.47,30.55,104,14.0,415.47,10.07
2025-11-28,LJ01,8739.38,807.64,344,80.0,2553.15,281.87
2025-11-28,LJ02,6749.07,333.87,255,67.0,1843.95,63.03
2025-11-28,LJ03,4369.97,207.93,179,69.0,1308.66,85.06
2025-11-28,LJ04,7191.2,234.81,286,54.0,2114.23,112.88
2025-11-28,LJ05,3359.72,74.87,195,20.0,842.57,14.08
2025-11-28,LJ06,6847.45,264.23,228,88.0,1828.64,73.36
2025-11-28,LJ07,5901.36,214.13,241,44.0,1591.22,57.5
2025-11-28,LJ08,5619.24,395.76,255,56.0,2107.62,92.14
2025-11-28,LJ09,5017.16,250.29,197,83.0,1527.16,61.56
2025-11-28,LJ10,5019.58,222.35,191,84.0,1528.37,194.67
2025-11-28,LJ11,2147.93,31.07,127,15.0,567.63,16.74
2025-11-29,LJ01,6898.56,658.86,252,76.0,2167.45,148.31
2025-11-29,LJ02,8433.58,382.06,296,63.0,2167.66,83.07
2025-11-29,LJ03,4049.88,176.15,155,58.0,1255.35,73.31
2025-11-29,LJ04,8521.17,286.04,322,52.0,2412.84,104.02
2025-11-29,LJ05,2227.15,56.21,137,20.0,576.99,10.75
2025-11-29,LJ06,4577.61,236.83,161,85.0,1213.92,33.89
2025-11-29,LJ07,7292.8,231.79,299,44.0,2140.06,84.62
2025-11-29,LJ08,4525.6,266.59,194,52.0,1685.26,90.63
2025-11-29,LJ09,3206.46,192.96,128,76.0,955.52,38.07
2025-11-29,LJ10,3449.89,137.83,134,77.0,1042.61,105.43
2025-11-29,LJ11,1135.96,21.2,69,13.0,271.81,7.61
2025-11-30,LJ01,3301.8,327.36,125,66.0,1034.96,92.73
2025-11-30,LJ02,6234.25,315.37,219,54.0,1740.02,50.89
2025-11-30,LJ03,1897.38,102.65,78,57.0,576.84,31.18
2025-11-30,LJ04,7070.65,276.32,282,52.0,1978.71,68.3
2025-11-30,LJ05,897.07,17.08,55,16.0,229.11,4.35
2025-11-30,LJ06,3040.75,147.45,103,71.0,864.41,38.29
2025-11-30,LJ07,4950.89,178.85,195,41.0,1457.4,69.85
2025-11-30,LJ08,2743.24,157.27,119,45.0,1036.94,64.86
2025-11-30,LJ09,2337.7,103.93,89,65.0,658.72,42.21
2025-11-30,LJ10,2314.01,96.63,86,69.0,631.23,69.64
2025-11-30,LJ11,547.2,11.94,35,11.0,134.01,3.05
2025-12-01,LJ01,7363.35,766.06,287,81.0,2324.88,135.35
2025-12-01,LJ02,6737.34,252.11,254,58.0,1794.19,88.01
2025-12-01,LJ03,4883.59,262.22,187,70.0,1372.02,58.2
2025-12-01,LJ04,5784.3,249.97,232,46.0,1614.42,86.42
2025-12-01,LJ05,3139.6,77.63,186,21.0,814.65,19.94
2025-12-01,LJ06,5269.99,221.61,187,98.0,1519.97,49.71
2025-12-01,LJ07,5358.95,200.75,220,42.0,1511.73,69.09
2025-12-01,LJ08,5460.47,334.91,234,54.0,1949.87,85.66
2025-12-01,LJ09,4579.51,211.13,180,74.0,1280.8,51.12
2025-12-01,LJ10,4294.59,160.66,158,81.0,1309.75,153.69
2025-12-01,LJ11,1501.4,26.95,94,14.0,355.57,6.29
2025-12-02,LJ01,7074.68,853.24,265,76.0,1963.68,189.01
2025-12-02,LJ02,6408.83,270.48,229,52.0,1841.3,82.71
2025-12-02,LJ03,4210.1,191.86,163,70.0,1171.97,49.79
2025-12-02,LJ04,5906.53,195.1,231,44.0,1781.48,84.63
2025-12-02,LJ05,3435.57,61.92,206,21.0,849.81,13.99
2025-12-02,LJ06,5260.74,286.84,184,87.0,1307.88,55.02
2025-12-02,LJ07,5116.77,176.98,208,43.0,1528.32,47.14
2025-12-02,LJ08,5420.29,372.77,231,0.0,1863.92,113.87
2025-12-02,LJ09,4447.88,228.62,167,77.0,1235.25,77.18
2025-12-02,LJ10,4018.81,168.56,150,82.0,1096.44,89.35
2025-12-02,LJ11,1931.86,36.02,124,15.0,465.63,9.3
2025-12-03,LJ01,8375.46,785.46,314,81.0,2486.22,188.14
2025-12-03,LJ02,7230.66,257.58,261,57.0,1956.13,71.49
2025-12-03,LJ03,4994.09,334.97,201,69.0,1492.21,65.2
2025-12-03,LJ04,5984.91,211.99,223,47.0,1661.35,49.91
2025-12-03,LJ05,2967.29,55.22,176,22.0,722.8,12.77
2025-12-03,LJ06,6121.18,244.91,209,90.0,1697.33,85.68
2025-12-03,LJ07,5204.82,176.21,211,42.0,1468.08,67.09
2025-12-03,LJ08,5168.85,331.51,228,58.0,1832.57,113.8
2025-12-03,LJ09,4083.79,196.68,151,81.0,1157.74,51.62
2025-12-03,LJ10,4675.66,236.45,167,87.0,1389.45,108.25
2025-12-03,LJ11,1875.12,27.07,116,15.0,434.21,12.49
2025-12-04,LJ01,6872.17,902.97,258,72.0,2037.2,207.54
2025-12-04,LJ02,7817.07,382.34,272,55.0,2073.02,77.06
2025-12-04,LJ03,4697.46,293.94,196,64.0,1382.66,71.33
2025-12-04,LJ04,6707.83,295.61,253,45.0,1963.45,111.5
2025-12-04,LJ05,2970.5,51.99,179,20.0,808.54,12.56
2025-12-04,LJ06,6903.53,394.96,234,92.0,1719.37,71.47
2025-12-04,LJ07,5204.66,157.71,213,43.0,1371.5,59.61
2025-12-04,LJ08,5689.02,309.08,257,55.0,2143.95,153.86
2025-12-04,LJ09,4690.09,194.86,174,83.0,1431.53,64.83
2025-12-04,LJ10,4269.68,207.93,156,93.0,1203.57,89.85
2025-12-04,LJ11,1752.52,26.82,105,16.0,446.26,8.61
2025-12-05,LJ01,8444.79,1025.81,320,74.0,2403.08,141.55
2025-12-05,LJ02,9261.36,462.82,349,59.0,2377.48,120.79
2025-12-05,LJ03,4557.75,196.25,185,71.0,1254.4,50.58
2025-12-05,LJ04,9497.4,286.59,381,49.0,2659.19,88.29
2025-12-05,LJ05,2921.99,59.4,177,22.0,771.4,14.46
2025-12-05,LJ06,6369.65,349.53,216,91.0,1724.17,81.32
2025-12-05,LJ07,7242.29,233.47,284,44.0,1962.25,66.47
2025-12-05,LJ08,5823.12,377.51,272,54.0,1987.79,86.1
2025-12-05,LJ09,4289.51,170.66,166,78.0,1316.95,94.25
2025-12-05,LJ10,4583.0,219.81,171,87.0,1344.28,94.18
2025-12-05,LJ11,1797.42,31.73,115,15.0,421.14,11.3
2025-12-06,LJ01,5962.64,639.13,221,77.0,1848.43,175.31
2025-12-06,LJ02,8414.81,404.07,309,61.0,2416.03,70.21
2025-12-06,LJ03,3869.16,236.54,151,60.0,1089.0,49.67
2025-12-06,LJ04,10647.18,465.78,398,57.0,3103.54,102.76
2025-12-06,LJ05,1971.31,45.27,120,17.0,532.28,13.52
2025-12-06,LJ06,4231.25,208.82,149,82.0,1127.31,40.5
2025-12-06,LJ07,7514.45,232.42,296,49.0,2043.28,79.6
2025-12-06,LJ08,3831.02,216.91,168,49.0,1421.84,59.51
2025-12-06,LJ09,3849.17,187.6,145,69.0,1089.38,75.73
2025-12-06,LJ10,3381.9,117.86,130,79.0,968.52,112.24
2025-12-06,LJ11,1110.87,23.61,72,13.0,281.69,5.64
2025-12-07,LJ01,3719.8,422.62,138,66.0,1063.9,98.67
2025-12-07,LJ02,8064.89,298.25,299,61.0,2196.71,65.73
2025-12-07,LJ03,1872.74,83.21,76,55.0,523.86,18.9
2025-12-07,LJ04,7024.39,236.05,280,50.0,2005.88,79.7
2025-12-07,LJ05,1013.32,23.56,63,17.0,246.7,4.45
2025-12-07,LJ06,3022.81,173.25,107,75.0,856.47,29.48
2025-12-07,LJ07,6433.61,248.46,249,42.0,1891.62,88.3
2025-12-07,LJ08,2196.01,144.05,99,43.0,827.4,64.01
2025-12-07,LJ09,2213.45,118.37,83,65.0,637.46,39.11
2025-12-07,LJ10,2273.4,108.3,82,71.0,672.71,78.68
2025-12-07,LJ11,661.37,11.77,41,11.0,157.05,2.48
2025-12-08,LJ01,7693.7,779.23,286,70.0,2322.19,249.3
2025-12-08,LJ02,5682.28,206.31,202,58.0,1471.8,75.32
2025-12-08,LJ03,4498.13,245.24,179,62.0,1242.0,51.52
2025-12-08,LJ04,6475.42,275.42,248,44.0,1736.95,67.1
2025-12-08,LJ05,3441.6,81.7,206,19.0,814.15,15.73
2025-12-08,LJ06,5438.04,275.43,182,92.0,1357.14,52.39
2025-12-08,LJ07,4817.76,136.86,195,42.0,1446.19,79.79
2025-12-08,LJ08,5135.22,337.26,221,55.0,1896.61,143.33
2025-12-08,LJ09,4322.7,253.35,161,75.0,1342.04,51.27
2025-12-08,LJ10,3997.76,171.97,147,93.0,1081.33,115.29
2025-12-08,LJ11,1649.54,28.61,98,16.0,412.3,10.13
2025-12-09,LJ01,7995.7,859.3,291,72.0,2366.35,185.35
2025-12-09,LJ02,6288.02,245.36,230,55.0,1651.62,60.9
2025-12-09,LJ03,4270.52,283.14,172,64.0,1209.99,60.66
2025-12-09,LJ04,6034.28,252.41,235,45.0,1593.48,47.47
2025-12-09,LJ05,2902.98,63.95,171,21.0,704.28,15.42
2025-12-09,LJ06,5459.24,298.36,180,86.0,1443.63,59.95
2025-12-09,LJ07,4469.1,163.05,182,39.0,1220.55,42.78
2025-12-09,LJ08,4853.06,333.78,213,56.0,1735.27,69.62
2025-12-09,LJ09,4182.7,249.76,168,78.0,1225.16,58.42
2025-12-09,LJ10,4077.66,142.35,155,83.0,1142.59,99.24
2025-12-09,LJ11,2168.66,35.15,128,15.0,522.83,11.1
2025-12-10,LJ01,6901.03,776.76,262,76.0,2133.83,192.85
2025-12-10,LJ02,6582.84,278.06,229,58.0,1940.3,72.34
2025-12-10,LJ03,4617.71,213.89,180,68.0,1281.73,88.8
2025-12-10,LJ04,6510.39,196.49,249,46.0,1942.85,91.31
2025-12-10,LJ05,3620.88,83.97,205,21.0,971.55,22.75
2025-12-10,LJ06,5527.79,309.77,198,96.0,1508.7,51.85
2025-12-10,LJ07,5686.53,166.49,220,43.0,1700.71,53.13
2025-12-10,LJ08,5282.95,330.47,225,54.0,1853.53,121.25
2025-12-10,LJ09,3905.74,181.35,157,84.0,1228.13,62.13
2025-12-10,LJ10,3961.16,149.51,152,92.0,1087.75,81.92
2025-12-10,LJ11,2093.68,34.64,124,15.0,525.67,9.98
2025-12-11,LJ01,7297.98,787.89,281,81.0,2304.45,174.29
2025-12-11,LJ02,8035.36,317.17,283,60.0,2275.27,82.87
2025-12-11,LJ03,4704.89,205.53,197,66.0,1311.85,70.51
2025-12-11,LJ04,7369.33,273.85,290,51.0,1997.25,103.31
2025-12-11,LJ05,2910.05,73.69,167,21.0,735.42,9.87
2025-12-11,LJ06,5240.2,236.21,186,94.0,1365.51,59.54
2025-12-11,LJ07,5363.51,161.17,212,45.0,1530.94,64.13
2025-12-11,LJ08,4522.29,294.06,208,53.0,1632.87,123.5
2025-12-11,LJ09,4495.94,183.76,176,80.0,1313.4,58.43
2025-12-11,LJ10,4838.76,205.15,187,97.0,1354.89,84.48
2025-12-11,LJ11,1734.08,37.5,106,15.0,418.71,10.86
2025-12-12,LJ01,7147.14,728.04,280,78.0,2050.22,228.98
2025-12-12,LJ02,8308.75,330.75,305,66.0,2238.95,91.56
2025-12-12,LJ03,4941.64,267.89,190,69.0,1368.14,65.78
2025-12-12,LJ04,9029.71,337.56,362,51.0,2694.1,148.57
2025-12-12,LJ05,3768.32,85.87,222,21.0,1000.86,19.85
2025-12-12,LJ06,5809.81,264.12,203,102.0,1595.12,45.41
2025-12-12,LJ07,6475.96,217.86,251,42.0,1804.88,56.9
2025-12-12,LJ08,5846.88,409.16,254,56.0,1990.53,116.57
2025-12-12,LJ09,5301.16,231.77,203,84.0,1548.48,87.15
2025-12-12,LJ10,4762.99,215.48,178,91.0,1423.09,123.24
2025-12-12,LJ11,1955.24,27.91,117,16.0,484.76,8.17
2025-12-13,LJ01,6749.48,778.87,255,67.0,1972.21,226.67
2025-12-13,LJ02,9643.59,437.89,331,64.0,2836.8,118.67
2025-12-13,LJ03,3432.81,164.3,135,60.0,937.49,38.46
2025-12-13,LJ04,9173.8,367.12,347,56.0,2603.87,95.62
2025-12-13,LJ05,2425.95,53.9,137,20.0,637.32,10.24
2025-12-13,LJ06,4642.39,245.23,155,81.0,1296.67,44.19
2025-12-13,LJ07,8352.02,357.79,344,50.0,2473.07,70.98
2025-12-13,LJ08,3909.79,262.58,172,53.0,1372.09,56.45
2025-12-13,LJ09,3843.0,196.59,146,78.0,1080.54,52.73
2025-12-13,LJ10,3271.25,154.43,121,78.0,925.14,80.77
2025-12-13,LJ11,1260.19,19.51,76,13.0,318.1,6.37
2025-12-14,LJ01,3462.63,337.81,137,62.0,1039.31,90.01
2025-12-14,LJ02,8486.1,327.52,296,57.0,2190.11,111.59
2025-12-14,LJ03,1936.4,129.56,81,53.0,556.18,38.59
2025-12-14,LJ04,7578.26,224.88,287,51.0,2121.57,89.87
2025-12-14,LJ05,982.95,20.62,58,16.0,252.59,3.96
2025-12-14,LJ06,2618.65,143.63,90,75.0,723.69,19.28
2025-12-14,LJ07,6768.52,266.72,263,41.0,1994.23,113.15
2025-12-14,LJ08,2513.15,169.81,108,47.0,916.37,74.28
2025-12-14,LJ09,1766.58,83.98,70,70.0,554.32,26.51
2025-12-14,LJ10,2113.08,101.56,79,77.0,643.0,45.61
2025-12-14,LJ11,600.92,9.21,37,11.0,143.34,2.56
2025-12-15,LJ01,7648.23,774.08,283,82.0,2154.17,136.81
2025-12-15,LJ02,6329.22,273.99,225,56.0,1775.06,79.39
2025-12-15,LJ03,4034.22,258.02,167,70.0,1191.18,78.17
2025-12-15,LJ04,6311.22,203.95,253,48.0,1733.78,56.77
2025-12-15,LJ05,2776.87,67.69,160,20.0,721.24,10.64
2025-12-15,LJ06,5215.79,260.39,177,90.0,1320.86,40.86
2025-12-15,LJ07,6060.18,256.66,228,42.0,1765.85,57.21
2025-12-15,LJ08,4666.45,294.84,216,50.0,1630.21,65.04
2025-12-15,LJ09,4077.56,212.04,161,73.0,1284.39,78.74
2025-12-15,LJ10,4804.41,195.74,186,86.0,1471.11,98.53
2025-12-15,LJ11,1758.63,26.11,110,14.0,436.5,9.29
2025-12-16,LJ01,8134.79,1033.19,296,73.0,2380.13,265.7
2025-12-16,LJ02,5921.67,293.36,222,54.0,1726.01,89.38
2025-12-16,LJ03,5078.32,245.17,193,71.0,1451.2,68.97
2025-12-16,LJ04,6805.73,290.97,255,45.0,1978.06,119.74
2025-12-16,LJ05,3312.0,60.05,201,20.0,849.17,17.33
2025-12-16,LJ06,5892.95,277.76,201,88.0,1473.28,42.66
2025-12-16,LJ07,4862.96,158.83,190,40.0,1358.19,67.51
2025-12-16,LJ08,5938.71,380.7,253,53.0,2040.32,149.35
2025-12-16,LJ09,4733.01,263.62,177,82.0,1332.04,99.16
2025-12-16,LJ10,4646.22,177.7,171,94.0,1396.71,105.01
2025-12-16,LJ11,2008.04,28.97,121,15.0,473.27,10.98
2025-12-17,LJ01,8477.34,840.07,324,73.0,2442.16,144.18
2025-12-17,LJ02,5946.29,299.26,216,60.0,1728.61,53.86
2025-12-17,LJ03,4380.07,275.81,169,72.0,1281.29,64.52
2025-12-17,LJ04,5860.03,176.52,233,50.0,1786.93,89.08
2025-12-17,LJ05,2817.13,61.89,172,20.0,755.24,13.39
2025-12-17,LJ06,5427.15,246.79,192,95.0,1441.94,35.91
2025-12-17,LJ07,6020.91,264.38,226,39.0,1658.93,78.57
2025-12-17,LJ08,4940.83,298.35,215,58.0,1743.52,131.09
2025-12-17,LJ09,4091.69,241.69,152,80.0,1210.49,57.08
2025-12-17,LJ10,5569.48,265.28,196,91.0,1587.52,153.69
2025-12-17,LJ11,1975.41,35.91,117,14.0,506.6,13.46
2025-12-18,LJ01,8426.99,860.23,308,82.0,2624.74,257.11
2025-12-18,LJ02,8348.22,419.42,290,58.0,2153.86,67.09
2025-12-18,LJ03,4345.41,255.23,179,69.0,1264.24,57.05
2025-12-18,LJ04,8367.38,329.21,308,45.0,2199.45,84.54
2025-12-18,LJ05,3329.17,65.81,206,22.0,842.76,21.4
2025-12-18,LJ06,6516.23,313.77,225,94.0,1780.12,91.02
2025-12-18,LJ07,6458.42,260.91,258,43.0,1926.64,82.48
2025-12-18,LJ08,5256.1,289.55,239,52.0,1814.88,100.83
2025-12-18,LJ09,4811.19,198.76,192,82.0,1519.9,77.89
2025-12-18,LJ10,4552.1,189.52,175,97.0,1341.67,101.14
2025-12-18,LJ11,1945.95,27.63,124,15.0,511.35,12.99
2025-12-19,LJ01,7061.91,788.51,272,73.0,2225.57,165.47
2025-12-19,LJ02,9350.04,436.2,341,62.0,2497.15,123.39
2025-12-19,LJ03,4624.89,285.75,192,65.0,1346.63,53.11
2025-12-19,LJ04,9980.64,454.37,371,55.0,2610.02,84.69
2025-12-19,LJ05,3589.02,70.29,203,21.0,962.51,12.89
2025-12-19,LJ06,6508.82,322.64,215,90.0,1827.03,93.13
2025-12-19,LJ07,7429.18,305.01,292,44.0,1946.19,106.2
2025-12-19,LJ08,5742.83,349.19,257,58.0,1986.21,160.78
2025-12-19,LJ09,4174.14,257.48,168,81.0,1223.81,48.12
2025-12-19,LJ10,5965.03,242.73,212,98.0,1705.92,141.08
2025-12-19,LJ11,2239.27,41.6,139,16.0,585.95,10.7
2025-12-20,LJ01,5759.03,778.46,216,72.0,1753.89,150.38
2025-12-20,LJ02,9977.16,398.61,357,66.0,2729.85,125.81
2025-12-20,LJ03,3765.78,230.36,145,60.0,1121.54,63.15
2025-12-20,LJ04,10569.64,396.04,411,58.0,2978.43,155.54
2025-12-20,LJ05,2136.87,49.68,126,19.0,515.83,6.41
2025-12-20,LJ06,5261.93,229.33,178,84.0,1501.24,75.33
2025-12-20,LJ07,8054.73,266.0,322,43.0,2400.77,77.59
2025-12-20,LJ08,3847.15,178.8,179,49.0,1519.59,97.71
2025-12-20,LJ09,3722.52,151.08,149,72.0,1050.97,69.22
2025-12-20,LJ10,3644.15,161.62,131,86.0,1025.1,72.48
2025-12-20,LJ11,1192.68,19.12,76,12.0,274.11,4.24
2025-12-21,LJ01,3860.56,363.59,149,67.0,1195.46,114.91
2025-12-21,LJ02,7972.24,360.79,282,61.0,2119.11,100.13
2025-12-21,LJ03,2208.63,124.7,91,53.0,650.19,27.54
2025-12-21,LJ04,6989.13,291.48,276,49.0,1903.96,98.31
2025-12-21,LJ05,1077.49,21.97,67,16.0,262.84,4.35
2025-12-21,LJ06,2628.74,114.7,94,71.0,753.79,25.14
2025-12-21,LJ07,6098.46,218.96,230,45.0,1748.04,73.79
2025-12-21,LJ08,2304.41,120.07,100,42.0,798.27,36.31
2025-12-21,LJ09,1946.46,108.83,74,63.0,545.45,28.17
2025-12-21,LJ10,2354.34,81.07,83,67.0,688.95,59.84
2025-12-21,LJ11,554.22,10.29,36,10.0,138.45,2.24
2025-12-22,LJ01,7864.61,971.81,291,81.0,2349.54,159.3
2025-12-22,LJ02,7303.25,269.61,258,53.0,1944.24,63.43
2025-12-22,LJ03,4392.08,203.92,171,66.0,1224.33,61.19
2025-12-22,LJ04,6695.84,267.89,262,44.0,2011.6,64.89
2025-12-22,LJ05,3556.81,62.42,205,20.0,943.49,16.56
2025-12-22,LJ06,6526.94,290.88,217,98.0,1843.22,48.94
2025-12-22,LJ07,5594.7,172.97,220,41.0,1674.14,88.87
2025-12-22,LJ08,5114.61,259.02,228,54.0,1834.74,142.31
2025-12-22,LJ09,3998.19,196.61,162,74.0,1174.77,70.65
2025-12-22,LJ10,5188.9,259.32,193,88.0,1430.51,109.15
2025-12-22,LJ11,1729.09,33.75,109,14.0,412.28,11.16
2025-12-23,LJ01,7876.9,874.37,301,82.0,2195.56,153.69
2025-12-23,LJ02,6553.09,333.64,240,53.0,1879.25,58.17
2025-12-23,LJ03,4067.57,245.02,160,63.0,1200.72,61.19
2025-12-23,LJ04,6611.94,227.92,244,49.0,1956.89,118.66
2025-12-23,LJ05,2834.95,58.1,164,21.0,744.25,16.84
2025-12-23,LJ06,5082.78,237.57,183,86.0,1367.71,41.39
2025-12-23,LJ07,5728.16,217.73,219,43.0,1522.36,63.87
2025-12-23,LJ08,4661.91,225.5,212,51.0,1670.83,89.19
2025-12-23,LJ09,4658.52,215.4,188,78.0,1416.8,89.64
2025-12-23,LJ10,5434.32,263.18,198,82.0,1449.41,153.99
2025-12-23,LJ11,2005.97,32.19,119,15.0,466.45,7.71
2025-12-24,LJ01,8218.05,809.43,309,76.0,2346.35,205.82
2025-12-24,LJ02,7614.38,321.49,271,57.0,2222.48,121.05
2025-12-24,LJ03,4078.2,202.31,164,64.0,1223.67,65.86
2025-12-24,LJ04,6564.03,258.65,260,47.0,1760.22,73.75
2025-12-24,LJ05,3090.87,51.17,176,22.0,740.45,16.23
2025-12-24,LJ06,5915.52,302.62,203,94.0,1661.84,61.3
2025-12-24,LJ07,5218.63,224.75,211,42.0,1532.51,60.68
2025-12-24,LJ08,4775.87,289.3,208,51.0,1697.32,86.12
2025-12-24,LJ09,4891.46,285.95,189,76.0,1417.38,107.59
2025-12-24,LJ10,4496.99,209.84,174,83.0,1338.09,133.06
2025-12-24,LJ11,1967.93,36.72,126,14.0,500.38,11.24
2025-12-25,LJ02,8436.73,422.51,294,61.0,2449.13,121.07
2025-12-25,LJ04,7674.6,343.88,296,50.0,2264.73,82.38
2025-12-25,LJ05,2676.0,54.48,166,21.0,677.96,10.4
2025-12-25,LJ07,5080.42,219.58,205,43.0,1477.09,73.78
2025-12-25,LJ08,5250.89,288.32,233,55.0,2059.91,168.3
2025-12-25,LJ10,5664.86,252.08,210,86.0,1572.42,155.75
2025-12-25,LJ11,2064.0,29.33,122,14.0,511.09,11.59
2025-12-26,LJ01,7654.99,701.53,297,74.0,2316.23,260.31
2025-12-26,LJ02,8459.22,348.34,314,62.0,2287.97,77.15
2025-12-26,LJ03,5160.11,265.06,207,67.0,1482.73,58.47
2025-12-26,LJ04,9901.92,455.02,381,53.0,2669.35,88.44
2025-12-26,LJ05,3660.05,74.32,222,21.0,911.85,15.63
2025-12-26,LJ06,5649.68,266.24,202,92.0,1535.11,49.48
2025-12-26,LJ07,6862.17,233.97,265,44.0,1904.71,85.95
2025-12-26,LJ08,4886.8,229.91,227,55.0,1719.25,99.91
2025-12-26,LJ09,4464.44,265.97,166,78.0,1295.56,52.3
2025-12-26,LJ10,5905.68,233.48,220,94.0,1680.48,137.6
2025-12-26,LJ11,1804.52,35.68,116,16.0,457.21,11.45
2025-12-27,LJ01,5264.42,661.19,202,73.0,1522.72,156.55
2025-12-27,LJ02,9160.09,307.05,340,63.0,2479.08,85.35
2025-12-27,LJ03,3988.23,257.61,156,61.0,1122.17,60.58
2025-12-27,LJ04,10560.48,416.09,401,57.0,3006.48,154.39
2025-12-27,LJ05,2176.19,42.47,134,17.0,558.94,11.21
2025-12-27,LJ06,4122.24,151.61,148,84.0,1096.51,36.66
2025-12-27,LJ07,8529.05,370.63,342,44.0,2377.97,125.06
2025-12-27,LJ08,3728.17,255.97,170,51.0,1338.84,54.67
2025-12-27,LJ09,3858.29,236.67,143,68.0,1205.99,46.5
2025-12-27,LJ10,3647.49,173.86,131,85.0,985.85,122.3
2025-12-27,LJ11,1220.1,17.61,79,14.0,306.41,5.54
2025-12-28,LJ01,4018.46,505.49,145,62.0,1156.48,123.66
2025-12-28,LJ02,7815.56,294.25,276,54.0,2157.28,72.72
2025-12-28,LJ03,2199.48,142.91,84,51.0,625.32,36.85
2025-12-28,LJ04,7346.08,321.46,279,52.0,2195.33,108.42
2025-12-28,LJ05,939.77,15.45,54,17.0,248.61,4.91
2025-12-28,LJ06,2669.67,112.65,95,78.0,689.64,18.75
2025-12-28,LJ07,6878.99,196.36,266,40.0,1974.46,102.31
2025-12-28,LJ08,2183.2,126.69,100,45.0,753.77,36.02
2025-12-28,LJ09,2124.77,96.42,86,69.0,661.11,27.72
2025-12-28,LJ10,2489.79,128.82,92,70.0,693.86,44.12
2025-12-28,LJ11,719.69,12.12,46,11.0,184.32,4.97
2025-12-29,LJ01,7317.22,859.82,289,75.0,2268.99,144.66
2025-12-29,LJ02,7220.94,313.77,248,52.0,2073.46,102.15
2025-12-29,LJ03,4999.63,269.41,190,68.0,1387.96,53.2
2025-12-29,LJ04,7338.79,227.18,267,45.0,2231.59,112.04
2025-12-29,LJ05,3368.9,82.14,198,20.0,813.59,12.33
2025-12-29,LJ06,4923.45,272.34,176,86.0,1391.07,71.26
2025-12-29,LJ07,5422.43,220.39,220,42.0,1564.45,80.64
2025-12-29,LJ08,4882.87,236.1,218,52.0,1843.95,90.98
2025-12-29,LJ09,3549.71,209.19,144,74.0,1016.47,63.79
2025-12-29,LJ10,4722.75,243.11,167,86.0,1317.68,95.9
2025-12-29,LJ11,2139.45,42.87,129,16.0,506.95,7.86
2025-12-30,LJ01,7862.63,874.69,303,75.0,2250.38,189.55
2025-12-30,LJ02,6378.84,285.42,226,52.0,1808.68,71.54
2025-12-30,LJ03,4837.57,313.45,186,62.0,1462.16,68.81
2025-12-30,LJ04,6345.22,262.82,236,44.0,1681.81,98.85
2025-12-30,LJ05,3113.14,74.25,189,22.0,791.95,16.7
2025-12-30,LJ06,5646.8,267.2,189,88.0,1573.17,79.53
2025-12-30,LJ07,5556.72,228.96,213,42.0,1635.54,48.0
2025-12-30,LJ08,5407.84,322.66,235,59.0,1961.33,97.89
2025-12-30,LJ09,3954.05,242.25,160,84.0,1095.66,63.49
2025-12-30,LJ10,4970.72,172.17,175,87.0,1445.44,138.28
2025-12-30,LJ11,1973.81,43.34,117,14.0,489.13,10.58
2025-12-31,LJ01,7921.31,1013.12,291,76.0,2382.09,165.82
2025-12-31,LJ02,7124.54,266.92,253,61.0,2006.14,64.22
2025-12-31,LJ03,4307.33,264.65,165,62.0,1243.49,55.43
2025-12-31,LJ04,5649.89,191.79,226,46.0,1589.84,69.7
2025-12-31,LJ05,3421.68,72.18,197,21.0,820.9,21.01
2025-12-31,LJ06,5859.34,231.89,195,95.0,1540.79,48.62
2025-12-31,LJ07,5935.92,202.68,225,38.0,1588.83,46.83
2025-12-31,LJ08,4551.09,309.36,211,53.0,1532.01,69.84
2025-12-31,LJ09,3894.89,164.14,157,81.0,1181.51,89.93
2025-12-31,LJ10,4760.13,204.36,180,85.0,1287.55,141.33
2025-12-31,LJ11,2035.74,29.47,120,15.0,522.89,9.28
2026-01-01,LJ02,5445.62,233.55,203,54.0,1451.13,54.71
2026-01-01,LJ04,6009.28,239.33,233,51.0,1766.33,101.74
2026-01-01,LJ05,3474.43,79.43,200,22.0,848.18,13.34
2026-01-01,LJ07,4786.81,148.0,185,39.0,1394.26,56.48
2026-01-01,LJ09,4111.46,227.98,160,79.0,1170.08,44.05
2026-01-01,LJ10,5179.02,212.7,197,88.0,1384.59,97.12
2026-01-01,LJ11,2078.58,37.65,126,16.0,492.13,7.87
2026-01-02,LJ01,7611.1,956.28,280,84.0,2110.27,181.01
2026-01-02,LJ02,7625.38,356.16,263,60.0,2176.27,107.81
2026-01-02,LJ03,4144.2,209.97,164,69.0,1244.85,80.37
2026-01-02,LJ04,7038.81,280.34,268,50.0,1904.52,110.69
2026-01-02,LJ05,3258.93,82.12,198,23.0,847.34,18.29
2026-01-02,LJ06,6912.26,355.45,231,92.0,1948.0,62.94
2026-01-02,LJ07,6424.7,219.55,252,41.0,1898.95,65.33
2026-01-02,LJ08,4879.6,278.72,219,55.0,1701.52,95.97
2026-01-02,LJ09,4976.23,278.22,190,83.0,1518.61,105.47
2026-01-02,LJ10,4869.39,210.19,180,91.0,1383.88,112.07
2026-01-02,LJ11,1800.27,30.66,116,16.0,428.74,6.74
2026-01-03,LJ01,5832.52,696.28,215,69.0,1799.24,106.34
2026-01-03,LJ02,6960.34,228.14,257,64.0,1970.62,69.72
2026-01-03,LJ03,2965.62,192.46,122,63.0,805.32,47.41
2026-01-03,LJ04,7664.36,242.45,284,51.0,2334.35,104.23
2026-01-03,LJ05,1843.25,47.21,111,18.0,483.31,11.28
2026-01-03,LJ06,4920.31,232.34,171,90.0,1409.94,43.81
2026-01-03,LJ07,6122.69,226.85,246,48.0,1707.53,87.81
2026-01-03,LJ08,3570.38,170.29,155,50.0,1401.71,96.47
2026-01-03,LJ09,3481.39,150.61,130,68.0,979.1,58.49
2026-01-03,LJ10,3367.12,122.11,123,78.0,929.77,96.27
2026-01-03,LJ11,1119.08,19.11,70,14.0,261.72,5.65
2026-01-04,LJ01,3619.72,425.92,140,66.0,1036.96,111.25
2026-01-04,LJ02,5474.51,213.12,203,59.0,1524.61,79.15
2026-01-04,LJ03,1858.81,96.29,72,51.0,570.81,34.33
2026-01-04,LJ04,5733.47,180.11,219,49.0,1549.43,83.22
2026-01-04,LJ05,1027.62,23.54,62,17.0,242.13,5.17
2026-01-04,LJ06,2614.23,130.52,89,78.0,654.2,21.46
2026-01-04,LJ07,4580.43,146.69,176,44.0,1328.2,64.9
2026-01-04,LJ08,2248.82,132.71,96,46.0,799.79,40.9
2026-01-04,LJ09,1720.45,96.41,68,69.0,530.97,36.39
2026-01-04,LJ10,2041.53,100.39,73,70.0,545.94,68.99
2026-01-04,LJ11,680.17,14.32,40,11.0,178.15,4.94
2026-01-05,LJ01,7506.56,693.29,284,77.0,2200.89,180.04
2026-01-05,LJ02,5329.02,239.1,194,54.0,1445.23,58.3
2026-01-05,LJ03,3557.72,175.35,143,68.0,1023.01,70.33
2026-01-05,LJ04,4632.66,200.62,185,47.0,1339.28,63.69
2026-01-05,LJ05,3004.77,66.34,170,20.0,805.99,11.39
2026-01-05,LJ06,4772.09,219.46,161,86.0,1344.77,38.04
2026-01-05,LJ07,4045.66,169.91,152,42.0,1063.85,55.38
2026-01-05,LJ08,4388.85,310.43,189,52.0,1570.83,69.22
2026-01-05,LJ09,3637.4,147.64,138,78.0,1087.56,78.54
2026-01-05,LJ10,4620.28,204.83,164,84.0,1294.82,152.59
2026-01-05,LJ11,1703.06,30.54,108,14.0,401.9,11.74
2026-01-06,LJ01,6412.42,892.53,242,75.0,1800.45,164.07
2026-01-06,LJ02,4611.62,163.62,165,58.0,1218.81,44.47
2026-01-06,LJ03,4253.21,265.68,177,73.0,1163.26,44.59
2026-01-06,LJ04,4742.69,154.67,189,49.0,1348.3,72.56
2026-01-06,LJ05,2895.56,69.14,172,20.0,681.83,13.74
2026-01-06,LJ06,4699.01,213.72,168,89.0,1275.16,63.95
2026-01-06,LJ07,4003.33,125.82,151,42.0,1154.09,44.59
2026-01-06,LJ08,5289.87,317.99,230,59.0,1896.79,88.28
2026-01-06,LJ09,4061.57,230.14,151,78.0,1115.75,60.84
2026-01-06,LJ10,4604.65,197.85,165,96.0,1256.66,126.03
2026-01-06,LJ11,2213.3,38.33,135,16.0,578.29,15.67
2026-01-07,LJ01,7842.09,1093.71,291,81.0,2106.59,150.02
2026-01-07,LJ02,5553.7,248.37,197,60.0,1565.88,81.36
2026-01-07,LJ03,4374.41,249.08,170,66.0,1195.24,48.08
2026-01-07,LJ04,4762.05,160.49,191,48.0,1282.46,73.7
2026-01-07,LJ05,3379.47,75.25,201,22.0,816.09,18.74
2026-01-07,LJ06,5512.36,279.12,199,97.0,1396.86,47.29
2026-01-07,LJ07,4964.59,155.28,192,41.0,1475.92,44.88
2026-01-07,LJ08,5023.94,343.88,220,58.0,1783.77,137.66
2026-01-07,LJ09,3918.86,170.32,153,79.0,1142.65,49.3
2026-01-07,LJ10,4654.75,249.78,174,88.0,1383.97,132.26
2026-01-07,LJ11,1856.78,34.33,112,14.0,481.99,13.49
2026-01-08,LJ01,7133.14,714.4,269,75.0,2197.14,150.06
2026-01-08,LJ02,5451.66,228.91,189,59.0,1556.43,80.8
2026-01-08,LJ03,4007.76,255.39,163,73.0,1152.26,40.42
2026-01-08,LJ04,5152.77,200.96,194,50.0,1436.24,55.16
2026-01-08,LJ05,2693.74,46.3,167,21.0,709.31,10.26
2026-01-08,LJ06,4877.34,216.34,175,90.0,1237.37,61.45
2026-01-08,LJ07,4281.97,178.16,174,44.0,1143.54,36.48
2026-01-08,LJ08,4552.22,276.69,198,59.0,1673.15,86.65
2026-01-08,LJ09,4328.99,243.18,160,77.0,1217.92,54.01
2026-01-08,LJ10,4219.39,218.49,163,83.0,1165.24,75.45
2026-01-08,LJ11,1838.7,39.45,114,16.0,420.2,6.91
2026-01-09,LJ01,8284.4,888.11,303,80.0,2473.38,273.94
2026-01-09,LJ02,6810.83,294.59,245,62.0,1925.42,98.33
2026-01-09,LJ03,4947.09,269.81,193,67.0,1470.19,82.4
2026-01-09,LJ04,6387.43,262.17,254,49.0,1724.28,63.37
2026-01-09,LJ05,3395.13,77.99,206,20.0,873.45,21.45
2026-01-09,LJ06,5902.45,327.51,206,91.0,1676.18,49.33
2026-01-09,LJ07,5725.07,236.29,224,43.0,1700.76,97.81
2026-01-09,LJ08,4489.64,239.35,202,57.0,1550.24,101.58
2026-01-09,LJ09,3944.65,212.05,153,80.0,1111.27,57.9
2026-01-09,LJ10,5454.32,210.4,204,98.0,1489.05,125.93
2026-01-09,LJ11,2113.32,45.96,132,15.0,493.66,13.96
2026-01-10,LJ01,5318.59,600.81,210,72.0,1607.4,190.6
2026-01-10,LJ02,7794.8,381.56,280,62.0,2122.77,98.15
2026-01-10,LJ03,3859.09,171.97,151,67.0,1184.6,56.24
2026-01-10,LJ04,7897.47,249.65,315,50.0,2315.93,139.01
2026-01-10,LJ05,1932.92,43.68,116,20.0,476.08,11.72
2026-01-10,LJ06,4136.02,235.48,140,88.0,1173.27,50.47
2026-01-10,LJ07,6647.82,250.31,258,45.0,1823.85,96.08
2026-01-10,LJ08,3619.29,240.96,167,54.0,1370.12,83.83
2026-01-10,LJ09,3004.4,137.62,112,70.0,949.48,44.93
2026-01-10,LJ10,3377.35,140.85,130,84.0,1026.29,94.78
2026-01-10,LJ11,1352.57,27.14,83,13.0,323.25,6.8
2026-01-11,LJ01,3261.93,414.52,126,63.0,913.03,57.98
2026-01-11,LJ02,5780.37,247.64,199,60.0,1521.59,59.06
2026-01-11,LJ03,2223.91,140.34,88,59.0,679.39,42.18
2026-01-11,LJ04,5552.48,192.72,219,50.0,1586.87,69.64
2026-01-11,LJ05,861.56,18.04,53,17.0,223.57,5.48
2026-01-11,LJ06,2489.06,133.49,84,77.0,668.11,32.51
2026-01-11,LJ07,4500.09,130.71,173,44.0,1260.51,43.19
2026-01-11,LJ08,2047.77,108.1,96,44.0,752.58,60.35
2026-01-11,LJ09,2019.55,100.07,76,61.0,558.0,22.63
2026-01-11,LJ10,2213.6,110.94,80,68.0,594.5,52.83
2026-01-11,LJ11,736.09,11.52,47,12.0,174.07,3.74
2026-01-12,LJ01,7203.38,956.19,268,71.0,2138.46,191.89
2026-01-12,LJ02,5066.25,185.96,183,59.0,1470.8,80.09
2026-01-12,LJ03,4242.68,235.44,165,61.0,1288.19,56.28
2026-01-12,LJ04,4983.92,190.64,191,49.0,1468.16,77.34
2026-01-12,LJ05,3379.54,65.75,196,23.0,821.0,13.7
2026-01-12,LJ06,5251.02,196.26,185,86.0,1495.59,61.44
2026-01-12,LJ07,3610.91,117.09,147,39.0,1013.18,55.0
2026-01-12,LJ08,4333.58,216.38,198,54.0,1654.89,112.48
2026-01-12,LJ09,4158.08,193.69,157,80.0,1172.63,73.77
2026-01-12,LJ10,5305.03,275.35,192,93.0,1445.24,116.21
2026-01-12,LJ11,2221.96,47.47,140,15.0,518.63,14.45
2026-01-13,LJ01,8007.25,937.67,291,72.0,2224.89,194.33
2026-01-13,LJ02,5287.2,208.27,196,55.0,1506.94,60.91
2026-01-13,LJ03,4644.71,218.64,177,72.0,1308.46,60.05
2026-01-13,LJ04,5482.7,220.89,208,45.0,1441.58,58.43
2026-01-13,LJ05,2870.83,65.66,167,23.0,693.67,16.84
2026-01-13,LJ06,4876.5,220.22,173,96.0,1400.69,69.77
2026-01-13,LJ07,3792.89,139.02,148,39.0,989.15,54.94
2026-01-13,LJ08,4134.39,273.68,189,59.0,1581.26,67.37
2026-01-13,LJ09,4442.67,235.18,169,81.0,1318.9,51.09
2026-01-13,LJ10,4686.01,179.42,172,93.0,1317.13,154.56
2026-01-13,LJ11,2243.04,40.4,134,16.0,524.07,12.23
2026-01-14,LJ01,6964.91,783.26,261,80.0,2021.42,222.96
2026-01-14,LJ02,5351.52,242.58,186,52.0,1518.76,67.85
2026-01-14,LJ03,4752.69,241.27,190,63.0,1410.63,56.09
2026-01-14,LJ04,6047.87,180.97,223,48.0,1754.49,56.18
2026-01-14,LJ05,2717.08,60.19,156,22.0,650.55,10.02
2026-01-14,LJ06,5005.09,232.53,172,98.0,1300.27,45.5
2026-01-14,LJ07,4518.65,179.72,173,43.0,1336.87,66.8
2026-01-14,LJ08,5027.97,355.68,235,54.0,1818.54,74.38
2026-01-14,LJ09,3845.3,238.66,149,78.0,1198.09,49.88
2026-01-14,LJ10,4497.06,168.37,174,87.0,1358.33,164.37
2026-01-14,LJ11,2374.92,39.38,143,15.0,583.61,13.09
2026-01-15,LJ01,6564.08,670.19,241,75.0,2112.23,146.39
2026-01-15,LJ02,5731.02,194.49,208,57.0,1634.92,81.99
2026-01-15,LJ03,4277.41,200.44,172,63.0,1195.63,51.92
2026-01-15,LJ04,5989.39,185.33,237,47.0,1769.6,100.17
2026-01-15,LJ05,3210.19,59.07,191,20.0,778.89,16.55
2026-01-15,LJ06,5647.17,274.69,187,90.0,1460.88,62.91
2026-01-15,LJ07,4644.18,173.23,177,41.0,1232.64,69.86
2026-01-15,LJ08,5050.56,240.13,232,56.0,1988.14,113.39
2026-01-15,LJ09,3666.82,191.23,149,86.0,1043.4,56.99
2026-01-15,LJ10,4698.92,177.03,169,90.0,1267.55,89.67
2026-01-15,LJ11,2215.46,32.19,132,15.0,565.3,10.32
2026-01-16,LJ01,8262.1,976.01,320,84.0,2426.33,278.27
2026-01-16,LJ02,7552.22,318.32,284,57.0,2094.36,74.76
2026-01-16,LJ03,4744.81,288.17,191,67.0,1300.67,81.13
2026-01-16,LJ04,7577.89,239.92,302,52.0,2124.09,108.02
2026-01-16,LJ05,3633.98,64.52,208,21.0,937.33,18.29
2026-01-16,LJ06,6776.08,294.42,228,94.0,1902.09,71.8
2026-01-16,LJ07,5569.74,234.34,217,42.0,1518.14,62.99
2026-01-16,LJ08,4730.66,221.73,215,61.0,1777.41,108.08
2026-01-16,LJ09,4599.47,248.3,172,82.0,1370.97,71.19
2026-01-16,LJ10,5643.82,211.09,209,93.0,1644.19,165.25
2026-01-16,LJ11,1970.45,33.04,126,15.0,459.34,6.73
2026-01-17,LJ01,5326.05,575.92,197,68.0,1628.29,180.91
2026-01-17,LJ02,7869.57,335.28,280,63.0,2028.39,87.85
2026-01-17,LJ03,3153.55,197.15,127,63.0,901.69,47.3
2026-01-17,LJ04,7277.53,236.12,265,53.0,1988.71,85.65
2026-01-17,LJ05,2066.49,36.95,127,18.0,519.52,9.61
2026-01-17,LJ06,4469.33,248.33,161,88.0,1243.61,51.94
2026-01-17,LJ07,6365.68,189.21,242,45.0,1741.95,63.17
2026-01-17,LJ08,3960.65,277.45,169,51.0,1471.96,85.68
2026-01-17,LJ09,3365.81,180.06,133,74.0,994.53,63.82
2026-01-17,LJ10,4138.71,215.89,159,77.0,1203.5,74.52
2026-01-17,LJ11,1537.72,25.66,97,12.0,402.67,11.2
2026-01-18,LJ01,3112.57,401.94,116,67.0,934.99,109.69
2026-01-18,LJ02,5422.39,263.02,196,62.0,1567.92,48.9
2026-01-18,LJ03,2050.4,110.79,83,51.0,554.89,35.44
2026-01-18,LJ04,5663.42,178.0,214,47.0,1723.37,91.86
2026-01-18,LJ05,850.53,16.94,52,16.0,206.01,4.51
2026-01-18,LJ06,2514.68,132.91,86,77.0,702.03,30.25
2026-01-18,LJ07,5262.75,175.16,204,41.0,1516.83,54.11
2026-01-18,LJ08,2345.94,114.51,106,48.0,908.78,64.74
2026-01-18,LJ09,2209.29,94.66,83,63.0,680.54,33.67
2026-01-18,LJ10,2310.88,123.72,88,76.0,644.31,42.44
2026-01-18,LJ11,657.12,10.21,40,12.0,159.43,2.96
2026-01-19,LJ01,6269.76,705.58,233,74.0,1823.02,172.87
2026-01-19,LJ02,4814.99,206.44,181,51.0,1369.12,65.24
2026-01-19,LJ03,3518.02,162.64,142,66.0,1039.26,40.0
2026-01-19,LJ04,5327.91,217.84,205,43.0,1445.78,80.66
2026-01-19,LJ05,3172.36,76.04,194,21.0,761.66,13.68
2026-01-19,LJ06,4848.58,262.51,168,98.0,1272.63,65.02
2026-01-19,LJ07,4017.61,118.52,153,38.0,1110.46,44.42
2026-01-19,LJ08,5194.43,267.44,230,56.0,1850.65,75.23
2026-01-19,LJ09,4050.47,238.23,155,84.0,1144.79,68.35
2026-01-19,LJ10,4343.26,152.38,157,89.0,1183.11,98.08
2026-01-19,LJ11,1828.79,26.97,115,15.0,443.91,11.17
2026-01-19,LJ12,3394.64,135.2,110,100.0,1011.6,87.83
2026-01-20,LJ01,6713.7,696.81,252,74.0,2096.9,141.61
2026-01-20,LJ02,5538.59,210.55,192,60.0,1579.98,66.96
2026-01-20,LJ03,4145.42,250.79,163,63.0,1202.69,48.25
2026-01-20,LJ04,5790.91,257.31,211,46.0,1652.04,57.78
2026-01-20,LJ05,2606.79,57.4,156,21.0,660.35,9.01
2026-01-20,LJ06,5539.71,247.52,188,97.0,1520.93,41.69
2026-01-20,LJ07,4485.55,172.5,182,40.0,1172.77,34.59
2026-01-20,LJ08,4555.29,316.49,207,54.0,1702.77,78.04
2026-01-20,LJ09,3580.84,187.4,142,74.0,993.15,64.34
2026-01-20,LJ10,5593.49,278.48,204,90.0,1551.52,99.91
2026-01-20,LJ11,2214.43,46.74,131,14.0,538.68,9.23
2026-01-20,LJ12,3416.84,188.07,118,111.0,950.37,94.61
2026-01-21,LJ01,6079.49,558.26,235,81.0,1776.45,201.23
2026-01-21,LJ02,5892.64,254.42,207,52.0,1637.44,69.74
2026-01-21,LJ03,3775.38,250.96,150,72.0,1062.57,72.7
2026-01-21,LJ04,5012.3,204.93,194,46.0,1441.45,61.82
2026-01-21,LJ05,2892.51,65.29,174,22.0,771.08,9.64
2026-01-21,LJ06,6111.35,269.33,207,97.0,1652.95,59.56
2026-01-21,LJ07,4745.72,203.12,189,42.0,1332.05,59.68
2026-01-21,LJ08,4821.08,320.83,225,59.0,1810.91,86.38
2026-01-21,LJ09,4328.97,261.96,174,84.0,1208.31,63.79
2026-01-21,LJ10,5325.66,232.72,201,86.0,1548.24,181.47
2026-01-21,LJ11,1980.02,29.73,125,14.0,465.63,7.96
2026-01-21,LJ12,3483.84,177.01,121,114.0,1036.27,114.86
2026-01-22,LJ01,7470.57,801.66,287,80.0,2102.4,222.99
2026-01-22,LJ02,5912.58,255.9,221,59.0,1565.05,80.65
2026-01-22,LJ03,5022.92,300.61,196,65.0,1508.62,61.08
2026-01-22,LJ04,6379.01,289.46,246,46.0,1705.5,71.19
2026-01-22,LJ05,3248.0,76.49,191,21.0,864.4,20.68
2026-01-22,LJ06,6366.87,328.31,218,90.0,1732.14,86.57
2026-01-22,LJ07,4737.66,140.31,179,43.0,1356.54,43.88
2026-01-22,LJ08,4482.56,277.43,193,55.0,1699.04,95.87
2026-01-22,LJ09,4486.8,180.09,168,84.0,1382.87,89.88
2026-01-22,LJ10,5050.98,222.31,181,85.0,1459.8,156.0
2026-01-22,LJ11,2315.43,39.65,138,15.0,600.35,10.77
2026-01-22,LJ12,3322.1,161.35,114,110.0,986.05,117.16
2026-01-23,LJ01,8086.34,1014.06,318,76.0,2484.85,247.93
2026-01-23,LJ02,6881.5,246.03,251,64.0,1957.19,83.7
2026-01-23,LJ03,5041.01,288.47,200,66.0,1368.07,64.88
2026-01-23,LJ04,7159.3,303.18,263,55.0,1903.73,81.37
2026-01-23,LJ05,3225.9,78.03,192,21.0,762.63,16.12
2026-01-23,LJ06,5270.2,293.65,189,88.0,1482.41,70.37
2026-01-23,LJ07,6020.27,211.16,237,47.0,1760.16,58.09
2026-01-23,LJ08,4962.22,323.66,225,58.0,1781.83,146.72
2026-01-23,LJ09,3962.81,169.63,158,78.0,1247.37,84.52
2026-01-23,LJ10,5164.0,274.19,197,87.0,1438.08,146.16
2026-01-23,LJ11,2210.83,42.2,136,15.0,571.88,14.54
2026-01-23,LJ12,3803.31,156.76,133,106.0,1092.43,133.8
2026-01-24,LJ01,5270.18,684.76,198,67.0,1622.49,178.15
2026-01-24,LJ02,7289.28,295.38,262,59.0,2010.97,77.8
2026-01-24,LJ03,2919.31,171.13,122,66.0,795.88,39.32
2026-01-24,LJ04,8766.85,260.6,321,56.0,2530.95,84.0
2026-01-24,LJ05,1952.73,36.93,118,18.0,509.55,8.05
2026-01-24,LJ06,4304.11,205.13,150,91.0,1198.91,43.67
2026-01-24,LJ07,6594.79,194.34,253,45.0,1799.07,52.06
2026-01-24,LJ08,3483.33,219.6,159,50.0,1240.05,63.77
2026-01-24,LJ09,2712.6,164.47,109,77.0,801.03,45.43
2026-01-24,LJ10,3752.36,173.86,143,80.0,1094.05,122.09
2026-01-24,LJ11,1572.52,28.21,96,13.0,408.91,8.58
2026-01-24,LJ12,2342.01,93.53,83,100.0,719.56,60.87
2026-01-25,LJ01,3217.71,347.62,121,62.0,996.7,102.31
2026-01-25,LJ02,6166.26,218.56,227,56.0,1666.7,52.14
2026-01-25,LJ03,1700.12,106.9,71,51.0,514.79,28.11
2026-01-25,LJ04,6448.84,265.55,240,52.0,1880.8,104.67
2026-01-25,LJ05,1054.08,18.62,61,15.0,252.15,4.35
2026-01-25,LJ06,2763.27,135.28,97,75.0,791.64,23.28
2026-01-25,LJ07,5116.96,156.71,196,44.0,1519.38,83.87
2026-01-25,LJ08,2263.01,125.2,97,42.0,880.76,52.16
2026-01-25,LJ09,1870.98,84.89,73,60.0,559.19,34.79
2026-01-25,LJ10,2764.11,138.83,101,71.0,788.67,91.67
2026-01-25,LJ11,717.08,12.72,46,11.0,185.98,3.66
2026-01-25,LJ12,1573.79,68.1,53,82.0,424.64,55.78
2026-01-26,LJ01,6258.22,833.77,226,72.0,1762.53,117.69
2026-01-26,LJ02,5456.15,183.41,192,52.0,1445.04,57.48
2026-01-26,LJ03,4650.51,295.94,179,67.0,1347.79,48.8
2026-01-26,LJ04,5031.72,182.42,202,45.0,1486.51,62.86
2026-01-26,LJ05,3268.31,55.04,193,20.0,858.07,19.78
2026-01-26,LJ06,5684.64,277.0,207,98.0,1575.34,80.07
2026-01-26,LJ07,3819.7,141.54,153,40.0,1082.85,38.28
2026-01-26,LJ08,4800.69,302.86,218,52.0,1637.97,70.07
2026-01-26,LJ09,3943.81,203.28,153,80.0,1104.55,81.86
2026-01-26,LJ10,5375.93,208.45,195,85.0,1496.84,180.0
2026-01-26,LJ11,2280.97,48.94,138,14.0,543.22,11.14
2026-01-26,LJ12,3159.12,181.27,102,103.0,865.18,100.38
2026-01-27,LJ01,6266.74,832.46,237,76.0,1889.2,176.73
2026-01-27,LJ02,5389.95,199.06,204,59.0,1586.08,86.2
2026-01-27,LJ03,3776.63,201.72,154,72.0,1090.09,48.69
2026-01-27,LJ04,5287.86,227.92,212,45.0,1476.83,88.11
2026-01-27,LJ05,2854.19,51.89,164,20.0,772.31,15.37
2026-01-27,LJ06,5738.59,305.37,209,0.0,1548.06,64.43
2026-01-27,LJ07,3876.41,115.99,148,38.0,1141.52,56.96
2026-01-27,LJ08,5014.54,317.09,221,52.0,1737.4,87.57
2026-01-27,LJ09,3667.46,154.78,146,83.0,1024.1,49.53
2026-01-27,LJ10,4738.61,241.25,172,88.0,1411.74,141.68
2026-01-27,LJ11,2479.9,51.77,147,14.0,639.87,9.21
2026-01-27,LJ12,3351.97,192.24,116,101.0,953.11,112.87
2026-01-28,LJ01,7557.52,741.43,294,79.0,2168.19,222.23
2026-01-28,LJ02,5375.24,244.41,200,54.0,1379.19,47.55
2026-01-28,LJ03,4048.26,187.51,156,69.0,1135.78,63.84
2026-01-28,LJ04,6258.32,221.45,230,47.0,1691.65,73.78
2026-01-28,LJ05,2829.2,70.84,161,20.0,706.26,8.85
2026-01-28,LJ06,6416.01,361.07,212,95.0,1784.87,87.96
2026-01-28,LJ07,4963.87,177.25,188,42.0,1323.06,43.17
2026-01-28,LJ08,5194.36,248.3,241,51.0,1806.8,137.74
2026-01-28,LJ09,4317.86,203.8,166,87.0,1210.54,62.25
2026-01-28,LJ10,4611.48,228.33,171,85.0,1315.97,95.95
2026-01-28,LJ11,2029.7,39.86,124,16.0,473.36,7.25
2026-01-28,LJ12,3688.84,149.32,126,115.0,1125.77,131.77
2026-01-29,LJ01,7127.91,905.98,259,83.0,2145.54,202.33
2026-01-29,LJ02,5284.82,173.38,187,61.0,1439.11,54.76
2026-01-29,LJ03,4853.91,262.4,186,64.0,1441.31,89.72
2026-01-29,LJ04,5809.81,173.03,222,48.0,1657.54,74.24
2026-01-29,LJ05,3026.64,77.48,176,20.0,811.99,18.82
2026-01-29,LJ06,5925.85,243.52,215,98.0,1711.78,66.7
2026-01-29,LJ07,4335.35,149.08,168,42.0,1136.44,37.42
2026-01-29,LJ08,5270.7,308.22,226,55.0,1939.75,151.05
2026-01-29,LJ09,4361.46,225.1,177,85.0,1336.2,94.06
2026-01-29,LJ10,4657.15,183.84,179,93.0,1398.21,87.4
2026-01-29,LJ11,2516.85,51.18,151,16.0,584.44,12.83
2026-01-29,LJ12,3887.41,157.23,127,108.0,1177.98,140.76
2026-01-30,LJ01,6710.55,769.8,266,79.0,2117.49,147.27
2026-01-30,LJ02,7802.39,395.86,284,64.0,2012.91,62.78
2026-01-30,LJ03,4413.56,217.31,171,65.0,1343.98,86.98
2026-01-30,LJ04,7261.92,276.55,266,49.0,2190.05,98.34
2026-01-30,LJ05,3410.2,67.72,195,22.0,895.94,11.83
2026-01-30,LJ06,5529.36,234.52,187,88.0,1597.54,58.11
2026-01-30,LJ07,6037.8,202.34,238,46.0,1816.88,57.64
2026-01-30,LJ08,4621.45,280.12,209,58.0,1780.53,133.09
2026-01-30,LJ09,4163.85,249.99,167,78.0,1278.2,74.23
2026-01-30,LJ10,5294.94,226.71,193,87.0,1412.48,164.7
2026-01-30,LJ11,2167.93,32.77,139,14.0,531.08,15.27
2026-01-30,LJ12,3676.43,186.61,122,107.0,1055.51,107.26
2026-01-31,LJ01,5515.69,573.12,202,70.0,1636.58,114.72
2026-01-31,LJ02,8467.02,377.02,310,62.0,2485.84,111.12
2026-01-31,LJ03,3061.55,142.21,121,62.0,884.99,42.91
2026-01-31,LJ04,6962.65,297.1,274,58.0,2090.26,106.77
2026-01-31,LJ05,2209.63,37.36,125,19.0,579.14,10.33
2026-01-31,LJ06,4508.35,257.26,154,90.0,1270.78,40.81
2026-01-31,LJ07,5458.38,229.66,217,44.0,1505.33,55.54
2026-01-31,LJ08,3758.03,208.74,170,50.0,1399.6,58.28
2026-01-31,LJ09,3208.69,176.08,126,75.0,932.63,49.57
2026-01-31,LJ10,3960.34,210.39,147,82.0,1142.08,85.81
2026-01-31,LJ11,1281.17,19.32,82,14.0,312.76,6.56
2026-01-31,LJ12,2984.45,139.25,102,109.0,920.48,85.4
2026-02-01,LJ01,3192.35,437.82,120,68.0,875.05,93.54
2026-02-01,LJ02,4934.98,243.51,181,57.0,1281.19,34.53
2026-02-01,LJ03,1970.11,92.32,75,57.0,614.09,25.47
2026-02-01,LJ04,5599.35,235.91,206,46.0,1622.52,48.29
2026-02-01,LJ05,1148.72,20.68,66,16.0,273.88,6.34
2026-02-01,LJ06,2344.16,119.28,85,81.0,591.57,29.7
2026-02-01,LJ07,4159.09,154.87,161,43.0,1214.78,57.22
2026-02-01,LJ08,2567.9,147.01,112,41.0,987.33,73.77
2026-02-01,LJ09,1828.34,102.33,68,63.0,501.07,19.49
2026-02-01,LJ10,2951.15,125.56,109,73.0,808.78,96.38
2026-02-01,LJ11,814.69,17.16,51,11.0,192.87,2.99
2026-02-01,LJ12,1986.08,117.22,65,83.0,538.82,74.72
2026-02-02,LJ01,7031.79,899.09,277,74.0,2033.55,141.62
2026-02-02,LJ02,4466.72,148.63,155,59.0,1161.25,57.84
2026-02-02,LJ03,4054.53,195.18,159,66.0,1239.75,75.16
2026-02-02,LJ04,5393.02,189.58,205,49.0,1460.55,43.3
2026-02-02,LJ05,3439.74,56.72,202,22.0,834.51,11.76
2026-02-02,LJ06,5706.42,233.48,195,88.0,1580.54,65.96
2026-02-02,LJ07,3341.66,113.22,138,38.0,881.89,44.74
2026-02-02,LJ08,5056.91,324.16,231,53.0,1917.24,109.22
2026-02-02,LJ09,3896.11,207.53,146,73.0,1075.03,47.78
2026-02-02,LJ10,6233.34,294.11,224,86.0,1796.41,229.71
2026-02-02,LJ11,2668.13,41.9,159,15.0,686.73,13.68
2026-02-02,LJ12,4026.49,216.59,131,116.0,1123.53,120.4
2026-02-03,LJ01,7622.72,888.49,296,72.0,2323.89,142.97
2026-02-03,LJ02,4841.44,166.82,176,54.0,1362.02,75.01
2026-02-03,LJ03,4492.77,263.27,172,70.0,1379.56,83.75
2026-02-03,LJ04,4435.5,198.87,174,46.0,1296.39,55.35
2026-02-03,LJ05,3635.2,77.2,208,22.0,977.26,16.44
2026-02-03,LJ06,4965.32,280.41,176,91.0,1317.08,50.67
2026-02-03,LJ07,4115.07,121.26,166,41.0,1212.36,36.25
2026-02-03,LJ08,4655.43,307.44,200,57.0,1642.42,110.38
2026-02-03,LJ09,3983.57,170.16,152,81.0,1246.73,62.86
2026-02-03,LJ10,6099.93,239.4,219,85.0,1810.29,178.62
2026-02-03,LJ11,2576.33,55.36,157,16.0,646.48,17.91
2026-02-03,LJ12,4058.56,180.03,142,103.0,1217.28,119.32
2026-02-04,LJ01,8067.82,895.85,301,73.0,2303.03,264.55
2026-02-04,LJ02,4499.52,221.09,163,52.0,1258.7,67.61
2026-02-04,LJ03,4597.27,240.45,178,71.0,1275.06,80.63
2026-02-04,LJ04,5312.96,170.44,198,49.0,1462.84,60.35
2026-02-04,LJ05,3082.28,57.21,174,20.0,792.58,11.2
2026-02-04,LJ06,6308.78,318.47,225,88.0,1793.08,64.35
2026-02-04,LJ07,3966.34,123.47,150,38.0,1084.89,59.27
2026-02-04,LJ08,5731.35,398.59,253,52.0,1946.55,134.94
2026-02-04,LJ09,4160.71,204.28,165,85.0,1294.42,94.53
2026-02-04,LJ10,5709.08,289.87,201,96.0,1629.31,160.44
2026-02-04,LJ11,2498.61,48.24,147,14.0,613.28,13.75
2026-02-04,LJ12,4290.2,223.61,144,105.0,1204.5,107.61
2026-02-05,LJ01,7726.76,718.38,293,75.0,2184.46,215.96
2026-02-05,LJ02,4956.75,208.97,179,57.0,1340.11,38.5
2026-02-05,LJ03,4426.09,291.77,169,0.0,1313.33,51.1
2026-02-05,LJ04,5669.65,231.36,221,45.0,1669.79,59.04
2026-02-05,LJ05,2989.78,70.53,180,22.0,773.5,17.09
2026-02-05,LJ06,5315.9,208.99,182,100.0,1399.53,52.67
2026-02-05,LJ07,3820.58,144.97,157,39.0,1063.43,35.62
2026-02-05,LJ08,5754.25,368.41,253,57.0,2075.52,132.6
2026-02-05,LJ09,4304.21,267.0,160,86.0,1286.35,95.88
2026-02-05,LJ10,5156.73,241.24,199,92.0,1434.79,143.85
2026-02-05,LJ11,2714.16,53.09,166,15.0,651.42,13.13
2026-02-05,LJ12,4640.48,274.27,152,118.0,1335.49,166.88
2026-02-06,LJ01,7753.85,887.27,291,79.0,2316.77,269.65
2026-02-06,LJ02,7420.77,269.45,259,61.0,1941.31,57.24
2026-02-06,LJ03,4614.43,220.9,181,73.0,1399.08,51.13
2026-02-06,LJ04,6100.34,281.32,236,54.0,1791.41,96.61
2026-02-06,LJ05,3150.17,57.47,186,23.0,771.26,11.63
2026-02-06,LJ06,5649.61,297.97,201,99.0,1436.33,62.97
2026-02-06,LJ07,5371.22,212.03,211,48.0,1546.45,61.69
2026-02-06,LJ08,5064.45,311.42,233,57.0,1771.5,93.7
2026-02-06,LJ09,5006.28,279.39,194,78.0,1505.52,64.96
2026-02-06,LJ10,5654.51,208.53,208,98.0,1578.39,187.31
2026-02-06,LJ11,2879.55,55.69,170,14.0,686.25,12.02
2026-02-06,LJ12,4120.43,232.86,138,120.0,1141.88,118.94
2026-02-07,LJ01,5667.41,532.63,215,72.0,1834.61,163.96
2026-02-07,LJ02,8342.55,332.55,290,68.0,2357.41,90.55
2026-02-07,LJ03,3791.07,195.24,147,62.0,1028.54,54.46
2026-02-07,LJ04,7926.03,360.46,318,57.0,2302.15,109.22
2026-02-07,LJ05,2277.03,57.81,132,19.0,574.45,7.66
2026-02-07,LJ06,4918.28,202.72,174,85.0,1396.29,67.47
2026-02-07,LJ07,5522.87,191.14,220,46.0,1531.73,47.7
2026-02-07,LJ08,3945.72,253.37,175,50.0,1370.34,67.96
2026-02-07,LJ09,3590.21,198.03,144,78.0,997.43,63.93
2026-02-07,LJ10,4433.88,223.52,156,86.0,1266.0,101.81
2026-02-07,LJ11,1861.47,36.98,110,14.0,449.27,9.71
2026-02-07,LJ12,3461.58,186.04,114,105.0,1025.47,79.18
2026-02-08,LJ01,3275.58,327.66,120,66.0,930.27,99.5
2026-02-08,LJ02,6743.64,256.48,233,62.0,1853.87,68.7
2026-02-08,LJ03,2041.18,116.17,84,58.0,612.83,34.51
2026-02-08,LJ04,5087.76,179.07,198,50.0,1480.78,61.53
2026-02-08,LJ05,1169.48,24.1,68,16.0,302.88,7.59
2026-02-08,LJ06,2476.31,91.44,82,76.0,715.33,20.41
2026-02-08,LJ07,4269.88,150.86,172,43.0,1176.08,67.11
2026-02-08,LJ08,2049.44,122.68,96,46.0,738.88,49.38
2026-02-08,LJ09,2252.62,124.8,84,68.0,633.34,38.97
2026-02-08,LJ10,2517.85,93.79,96,69.0,725.83,55.06
2026-02-08,LJ11,881.67,18.53,53,11.0,228.62,5.24
2026-02-08,LJ12,1843.46,97.11,65,94.0,565.92,71.1
2026-02-09,LJ01,7546.96,741.98,286,77.0,2222.05,154.58
2026-02-09,LJ02,4169.55,144.25,155,51.0,1187.22,32.26
2026-02-09,LJ03,4157.3,237.37,168,65.0,1162.76,49.04
2026-02-09,LJ04,4804.92,217.73,191,50.0,1441.47,70.22
2026-02-09,LJ05,3043.98,72.97,174,21.0,793.24,14.45
2026-02-09,LJ06,5207.48,297.36,176,96.0,1349.62,41.33
2026-02-09,LJ08,4733.5,222.98,222,50.0,1700.15,126.05
2026-02-09,LJ09,3604.1,214.99,142,85.0,1107.94,43.8
2026-02-09,LJ10,5458.37,265.26,199,89.0,1445.23,183.89
2026-02-09,LJ11,2413.62,48.85,152,16.0,620.13,16.52
2026-02-09,LJ12,3810.68,149.75,135,113.0,1145.42,148.83
2026-02-10,LJ01,7024.47,951.36,274,83.0,1946.99,175.98
2026-02-10,LJ02,4960.43,187.88,179,56.0,1424.25,59.71
2026-02-10,LJ03,4626.49,225.21,187,62.0,1409.93,66.8
2026-02-10,LJ04,5515.83,184.7,210,44.0,1532.47,51.18
2026-02-10,LJ05,3093.12,57.83,185,22.0,821.4,13.74
2026-02-10,LJ06,5536.91,317.07,187,100.0,1424.75,56.19
2026-02-10,LJ08,5095.08,250.06,236,57.0,1765.43,133.01
2026-02-10,LJ09,4328.31,214.94,174,76.0,1355.54,72.72
2026-02-10,LJ10,5392.0,266.65,206,94.0,1583.5,142.37
2026-02-10,LJ11,2629.28,42.39,156,14.0,675.39,13.86
2026-02-10,LJ12,3535.61,165.88,119,107.0,964.86,76.18
2026-02-11,LJ01,7050.88,984.7,280,81.0,2027.95,225.88
2026-02-11,LJ02,5725.17,222.12,199,58.0,1537.93,68.67
2026-02-11,LJ03,5026.09,275.39,197,68.0,1418.78,56.91
2026-02-11,LJ04,5399.12,210.8,216,47.0,1608.32,71.4
2026-02-11,LJ05,3253.99,69.67,184,23.0,863.35,20.0
2026-02-11,LJ06,5647.35,257.58,201,90.0,1594.34,72.42
2026-02-11,LJ08,5064.72,247.54,227,56.0,1971.22,114.41
2026-02-11,LJ09,4420.29,206.37,167,80.0,1315.54,80.55
2026-02-11,LJ10,6088.23,305.03,218,87.0,1678.69,121.2
2026-02-11,LJ11,2070.82,42.24,134,16.0,536.64,11.14
2026-02-11,LJ12,4083.9,210.08,132,102.0,1184.12,103.94
2026-02-12,LJ01,8173.79,881.73,305,76.0,2535.29,254.62
2026-02-12,LJ02,6078.03,285.75,212,60.0,1643.79,77.49
2026-02-12,LJ03,4910.07,299.28,202,72.0,1463.48,76.47
2026-02-12,LJ04,4730.11,169.61,186,50.0,1341.87,66.73
2026-02-12,LJ05,3142.46,78.95,182,22.0,822.68,19.34
2026-02-12,LJ06,5545.39,236.14,184,93.0,1441.75,52.56
2026-02-12,LJ08,4971.33,341.73,226,56.0,1700.6,115.54
2026-02-12,LJ09,3847.49,179.65,147,83.0,1134.56,75.47
2026-02-12,LJ10,5671.09,258.38,218,86.0,1724.7,181.07
2026-02-12,LJ11,2546.9,53.61,161,16.0,600.27,12.32
2026-02-12,LJ12,4936.05,257.03,159,106.0,1435.66,217.41
2026-02-13,LJ01,6936.73,818.71,272,75.0,2146.89,148.67
2026-02-13,LJ02,7424.91,300.51,261,58.0,1989.12,78.64
2026-02-13,LJ03,4258.93,233.55,165,64.0,1241.59,76.76
2026-02-13,LJ04,6976.05,294.08,278,49.0,2007.8,71.49
2026-02-13,LJ05,3701.56,81.42,209,20.0,990.23,17.39
2026-02-13,LJ06,5815.08,296.04,199,91.0,1558.73,75.47
2026-02-13,LJ08,5366.4,337.04,243,54.0,1820.21,116.49
2026-02-13,LJ09,4962.35,246.58,195,86.0,1396.38,106.94
2026-02-13,LJ10,6392.11,222.34,238,96.0,1958.27,127.97
2026-02-13,LJ11,2609.22,55.81,165,15.0,615.07,13.44
2026-02-13,LJ12,4854.4,283.23,160,110.0,1461.95,208.01
2026-02-14,LJ01,6057.71,825.45,222,71.0,1642.9,103.82
2026-02-14,LJ02,7911.96,347.64,278,65.0,2237.56,100.96
2026-02-14,LJ03,3337.59,203.3,129,61.0,1018.67,54.02
2026-02-14,LJ04,6649.4,200.51,256,58.0,1799.72,56.45
2026-02-14,LJ05,2247.32,54.46,128,18.0,571.11,9.49
2026-02-14,LJ06,4111.44,169.98,148,85.0,1088.23,46.93
2026-02-14,LJ08,4001.81,218.77,182,51.0,1439.92,61.79
2026-02-14,LJ09,3012.92,153.78,113,80.0,907.27,38.53
2026-02-14,LJ10,4843.75,204.45,171,84.0,1381.8,140.02
2026-02-14,LJ11,1451.8,30.04,91,13.0,376.2,7.86
2026-02-14,LJ12,3004.3,149.39,106,100.0,838.02,126.58
2026-02-15,LJ01,3497.93,434.67,135,63.0,1086.15,100.56
2026-02-15,LJ02,5071.92,193.32,190,58.0,1452.22,70.51
2026-02-15,LJ03,1938.0,113.55,77,56.0,520.07,23.87
2026-02-15,LJ04,5954.41,212.32,234,48.0,1778.92,106.16
2026-02-15,LJ05,1094.02,19.54,66,17.0,266.73,4.05
2026-02-15,LJ06,2617.56,127.52,94,79.0,667.68,20.1
2026-02-15,LJ08,2092.84,137.33,98,41.0,737.63,48.72
2026-02-15,LJ09,1736.99,105.64,69,70.0,489.01,29.37
2026-02-15,LJ10,2882.62,130.04,107,74.0,787.02,82.42
2026-02-15,LJ11,864.59,13.57,56,11.0,199.17,5.69
2026-02-15,LJ12,1915.85,82.93,65,90.0,536.52,61.71
2026-02-16,LJ02,4497.73,230.05,164,59.0,1254.92,67.42
2026-02-16,LJ04,5098.09,209.43,197,46.0,1409.08,68.25
2026-02-16,LJ05,3211.81,76.29,194,22.0,848.33,15.32
2026-02-16,LJ09,3601.59,149.25,136,84.0,1092.55,68.42
2026-02-16,LJ11,2161.39,32.38,140,15.0,551.46,11.75
2026-02-16,LJ12,4127.55,160.49,145,102.0,1263.04,159.83
2026-02-17,LJ02,5490.84,197.45,191,51.0,1499.48,69.8
2026-02-17,LJ04,4474.14,184.0,176,45.0,1308.32,47.89
2026-02-17,LJ05,3096.27,72.29,190,20.0,809.65,10.76
2026-02-17,LJ06,5427.59,233.3,193,89.0,1566.91,61.88
2026-02-17,LJ10,4923.76,187.53,189,87.0,1358.57,111.35
2026-02-17,LJ11,2794.22,43.32,175,15.0,722.85,19.06
2026-02-18,LJ01,6894.21,735.36,273,83.0,2039.45,241.41
2026-02-18,LJ02,5132.04,182.68,179,59.0,1517.49,47.7
2026-02-18,LJ03,4674.34,232.16,190,72.0,1398.84,58.4
2026-02-18,LJ04,5338.97,177.35,204,51.0,1613.07,94.45
2026-02-18,LJ05,2735.98,54.7,167,21.0,650.48,15.96
2026-02-18,LJ06,6475.35,289.66,223,87.0,1861.98,63.32
2026-02-18,LJ07,4009.37,148.21,164,41.0,1167.23,63.94
2026-02-18,LJ08,4853.35,228.77,220,58.0,1691.68,71.18
2026-02-18,LJ09,4529.58,240.95,168,75.0,1422.23,66.77
2026-02-18,LJ10,6461.5,276.98,233,97.0,1833.78,177.73
2026-02-18,LJ11,2566.0,55.93,164,15.0,596.34,14.24
2026-02-18,LJ12,3842.22,156.17,131,103.0,1087.65,116.73
2026-02-19,LJ01,7503.76,1025.71,294,72.0,2201.1,248.85
2026-02-19,LJ02,5525.84,201.7,196,58.0,1439.43,48.78
2026-02-19,LJ03,4350.24,255.78,174,74.0,1319.02,84.54
2026-02-19,LJ04,5574.18,168.75,205,46.0,1612.95,55.71
2026-02-19,LJ05,3368.19,78.11,208,20.0,808.26,18.55
2026-02-19,LJ06,6191.39,296.23,207,91.0,1576.94,52.06
2026-02-19,LJ07,4529.53,196.93,178,41.0,1207.56,57.62
2026-02-19,LJ08,4387.02,254.78,205,56.0,1499.3,113.91
2026-02-19,LJ09,4194.75,238.78,168,77.0,1247.35,51.17
2026-02-19,LJ10,6258.73,230.53,233,94.0,1809.28,195.3
2026-02-19,LJ11,2858.52,42.63,174,16.0,692.84,15.01
2026-02-19,LJ12,4623.36,246.35,151,106.0,1381.05,113.43
2026-02-20,LJ01,7673.68,726.45,276,74.0,2335.17,182.19
2026-02-20,LJ02,6643.79,303.72,236,59.0,1777.73,73.07
2026-02-20,LJ03,4658.85,255.66,192,67.0,1420.33,71.91
2026-02-20,LJ04,6791.18,300.03,268,56.0,1844.01,80.9
2026-02-20,LJ05,3832.4,94.68,220,23.0,958.85,22.09
2026-02-20,LJ06,5723.84,279.87,206,88.0,1576.01,50.69
2026-02-20,LJ07,6263.23,206.63,242,47.0,1678.8,97.31
2026-02-20,LJ08,5268.43,338.08,239,57.0,1879.25,153.49
2026-02-20,LJ09,4212.7,219.63,156,77.0,1233.73,74.14
2026-02-20,LJ10,6009.51,216.67,231,98.0,1851.88,169.95
2026-02-20,LJ11,2644.22,54.5,157,16.0,651.27,18.23
2026-02-20,LJ12,4724.05,182.95,165,115.0,1317.9,113.19
2026-02-21,LJ01,5961.13,690.2,233,68.0,1848.64,124.28
2026-02-21,LJ02,7080.55,324.07,247,69.0,1997.07,64.83
2026-02-21,LJ03,3197.09,183.26,129,65.0,908.47,54.72
2026-02-21,LJ04,8230.38,369.96,305,55.0,2453.36,99.05
2026-02-21,LJ05,2293.05,57.27,135,17.0,582.34,8.34
2026-02-21,LJ06,4479.86,178.23,149,84.0,1194.5,36.43
2026-02-21,LJ07,6449.77,257.82,247,43.0,1878.42,92.61
2026-02-21,LJ08,4244.67,219.09,184,50.0,1626.34,92.31
2026-02-21,LJ09,3361.05,156.69,132,69.0,948.01,38.53
2026-02-21,LJ10,4776.01,185.07,181,84.0,1414.27,169.97
2026-02-21,LJ11,1591.81,23.47,94,14.0,395.17,9.61
2026-02-21,LJ12,3629.9,160.82,128,108.0,1101.02,132.95
2026-02-22,LJ01,4034.79,410.91,148,61.0,1196.15,126.81
2026-02-22,LJ02,5916.38,198.76,221,56.0,1622.66,71.52
2026-02-22,LJ03,2202.33,123.04,90,56.0,613.94,41.29
2026-02-22,LJ04,6197.02,228.58,227,50.0,1686.68,65.82
2026-02-22,LJ05,1160.31,26.31,66,15.0,283.43,6.58
2026-02-22,LJ06,2957.96,124.97,99,71.0,756.73,26.85
2026-02-22,LJ07,4746.5,199.32,193,43.0,1381.98,70.49
2026-02-22,LJ08,2140.7,114.38,100,42.0,740.84,50.0
2026-02-22,LJ09,1845.11,91.29,75,66.0,525.73,19.88
2026-02-22,LJ10,2961.22,146.41,111,78.0,788.12,55.14
2026-02-22,LJ11,844.26,16.27,54,12.0,206.42,5.28
2026-02-22,LJ12,2069.54,79.41,67,95.0,602.67,64.57
2026-02-23,LJ01,6417.85,711.31,251,71.0,1888.84,156.55
2026-02-23,LJ02,4777.61,195.03,167,53.0,1300.02,34.98
2026-02-23,LJ03,3894.09,188.45,161,62.0,1183.51,81.71
2026-02-23,LJ04,4337.37,163.38,170,43.0,1224.41,58.75
2026-02-23,LJ05,2967.76,76.01,175,20.0,786.3,14.64
2026-02-23,LJ06,5293.99,283.26,190,96.0,1461.87,70.12
2026-02-23,LJ07,4135.71,140.92,165,43.0,1217.22,43.91
2026-02-23,LJ08,5074.77,244.2,230,58.0,1760.17,124.61
2026-02-23,LJ09,4034.71,170.05,159,85.0,1267.74,82.36
2026-02-23,LJ10,5974.99,241.45,227,86.0,1816.04,121.66
2026-02-23,LJ11,2301.34,37.92,149,14.0,584.41,11.51
2026-02-23,LJ12,4120.14,242.31,141,112.0,1117.86,104.32
2026-02-23,LJ13,2108.82,88.46,79,57.0,594.67,81.65
2026-02-24,LJ01,8472.99,951.41,313,80.0,2472.57,162.41
2026-02-24,LJ02,5251.76,191.79,181,56.0,1494.83,72.09
2026-02-24,LJ03,4603.45,198.97,192,66.0,1431.39,98.16
2026-02-24,LJ04,5320.71,200.64,200,44.0,1502.52,46.27
2026-02-24,LJ05,2767.17,66.16,165,21.0,696.04,14.95
2026-02-24,LJ06,5015.1,224.79,174,99.0,1314.82,65.93
2026-02-24,LJ07,4033.87,154.67,165,38.0,1078.07,38.42
2026-02-24,LJ08,5183.49,316.23,239,58.0,1903.28,145.0
2026-02-24,LJ09,4398.38,177.27,168,84.0,1301.89,59.06
2026-02-24,LJ10,5735.74,299.46,214,96.0,1720.56,194.07
2026-02-24,LJ11,2507.72,47.03,149,15.0,653.38,10.51
2026-02-24,LJ12,4641.85,212.19,162,113.0,1321.38,157.52
2026-02-24,LJ13,2284.93,85.89,90,54.0,686.49,48.06
2026-02-25,LJ01,8262.66,1148.85,313,80.0,2545.7,223.98
2026-02-25,LJ02,5332.24,257.19,200,55.0,1416.77,68.34
2026-02-25,LJ03,4432.11,211.37,184,72.0,1332.46,89.5
2026-02-25,LJ04,5565.68,204.43,220,50.0,1653.67,69.85
2026-02-25,LJ05,3621.31,91.91,206,20.0,977.75,13.19
2026-02-25,LJ06,4899.43,199.84,178,88.0,1243.84,53.03
2026-02-25,LJ07,3966.47,142.48,160,39.0,1082.35,42.59
2026-02-25,LJ08,5334.32,280.08,232,59.0,2035.05,87.18
2026-02-25,LJ09,4071.76,232.46,161,79.0,1259.22,61.14
2026-02-25,LJ10,5361.59,199.01,194,87.0,1436.15,138.91
2026-02-25,LJ11,2406.97,36.95,153,15.0,611.57,9.69
2026-02-25,LJ12,4316.69,171.8,152,104.0,1300.72,109.92
2026-02-25,LJ13,2211.59,78.85,85,57.0,590.57,54.38
2026-02-26,LJ01,7155.41,684.22,273,79.0,2144.26,141.29
2026-02-26,LJ02,5996.09,241.76,210,55.0,1662.77,71.14
2026-02-26,LJ03,4628.4,245.79,177,67.0,1317.06,91.07
2026-02-26,LJ04,5788.86,203.98,230,48.0,1679.37,87.23
2026-02-26,LJ05,2894.21,64.44,179,22.0,741.89,17.7
2026-02-26,LJ06,6552.87,364.73,220,100.0,1730.92,59.31
2026-02-26,LJ07,4278.98,132.33,167,40.0,1235.6,46.66
2026-02-26,LJ08,5313.03,292.61,242,59.0,1913.36,111.82
2026-02-26,LJ09,4387.84,219.51,176,85.0,1375.14,67.32
2026-02-26,LJ10,5656.62,246.26,199,89.0,1665.59,107.62
2026-02-26,LJ11,2928.35,57.03,183,15.0,766.9,18.86
2026-02-26,LJ12,4199.39,201.88,136,107.0,1163.35,146.07
2026-02-26,LJ13,2411.44,92.37,93,54.0,676.39,59.95
2026-02-27,LJ01,7600.76,711.6,279,85.0,2359.99,260.01
2026-02-27,LJ02,7672.95,328.23,265,62.0,2199.45,117.54
2026-02-27,LJ03,5015.04,276.65,202,70.0,1488.18,100.86
2026-02-27,LJ04,8094.32,369.57,297,49.0,2392.26,135.47
2026-02-27,LJ05,3113.75,58.56,178,22.0,763.12,17.6
2026-02-27,LJ06,5817.5,300.41,205,90.0,1592.33,52.48
2026-02-27,LJ07,5251.14,177.41,212,47.0,1531.73,45.05
2026-02-27,LJ08,5586.42,304.5,248,57.0,1964.62,156.11
2026-02-27,LJ09,5225.37,268.38,193,87.0,1467.05,96.75
2026-02-27,LJ10,6041.77,304.79,230,90.0,1714.69,214.57
2026-02-27,LJ11,2967.92,49.57,175,15.0,782.22,18.16
2026-02-27,LJ12,4836.64,191.75,169,107.0,1406.05,160.0
2026-02-27,LJ13,3270.53,108.31,121,58.0,920.45,116.69
2026-02-28,LJ01,5598.73,759.28,216,68.0,1638.48,118.65
2026-02-28,LJ02,8510.75,399.34,293,59.0,2358.48,115.78
2026-02-28,LJ03,3284.13,191.26,132,64.0,952.88,58.71
2026-02-28,LJ04,7804.2,304.77,309,51.0,2145.55,100.15
2026-02-28,LJ05,2196.53,39.85,127,17.0,528.69,11.1
2026-02-28,LJ06,5129.78,266.39,173,81.0,1434.3,61.23
2026-02-28,LJ07,5586.97,244.43,222,50.0,1660.45,69.65
2026-02-28,LJ08,4564.56,289.29,195,51.0,1766.81,82.0
2026-02-28,LJ09,3192.24,151.51,121,76.0,1002.61,61.71
2026-02-28,LJ10,4925.65,177.2,182,89.0,1384.82,169.07
2026-02-28,LJ11,1605.1,31.15,100,13.0,416.47,12.07
2026-02-28,LJ12,3413.65,199.9,116,102.0,970.53,125.92
2026-02-28,LJ13,3624.94,137.48,140,64.0,1015.92,76.36
2026-03-01,LJ01,3969.0,545.54,150,65.0,1169.81,86.88
2026-03-01,LJ02,5343.49,261.57,201,60.0,1405.08,62.53
2026-03-01,LJ03,2382.92,113.68,96,55.0,655.17,35.71
2026-03-01,LJ04,5954.53,206.11,222,50.0,1579.54,88.86
2026-03-01,LJ05,1162.52,22.31,70,17.0,303.96,6.27
2026-03-01,LJ06,2635.18,112.86,92,71.0,676.22,33.35
2026-03-01,LJ07,4687.98,191.21,193,44.0,1366.31,53.15
2026-03-01,LJ08,2347.49,133.45,100,46.0,903.58,73.89
2026-03-01,LJ09,1785.07,88.94,70,62.0,546.12,35.61
2026-03-01,LJ10,2706.29,113.74,97,73.0,829.26,68.98
2026-03-01,LJ11,944.91,14.12,59,11.0,220.45,4.03
2026-03-01,LJ12,1961.36,89.94,69,94.0,585.07,63.57
2026-03-01,LJ13,2934.56,123.7,112,58.0,805.64,87.56
2026-03-02,LJ01,7026.61,876.12,264,72.0,2082.91,241.81
2026-03-02,LJ02,4754.67,232.62,171,54.0,1373.63,68.95
2026-03-02,LJ03,4504.89,300.38,180,70.0,1318.35,68.63
2026-03-02,LJ04,5209.44,199.59,195,47.0,1398.61,78.95
2026-03-02,LJ05,3076.57,66.61,189,22.0,826.93,10.97
2026-03-02,LJ06,5513.99,239.79,197,93.0,1391.61,37.51
2026-03-02,LJ07,3861.51,163.54,154,40.0,1003.45,51.46
2026-03-02,LJ08,5077.51,319.03,235,51.0,1720.14,72.13
2026-03-02,LJ09,4275.32,217.09,163,85.0,1336.34,91.74
2026-03-02,LJ10,6741.96,250.12,248,90.0,1831.36,126.89
2026-03-02,LJ11,2565.87,41.31,157,14.0,671.12,19.42
2026-03-02,LJ12,3962.76,159.63,137,113.0,1211.19,113.49
2026-03-02,LJ13,2494.59,91.01,92,55.0,751.46,81.26
2026-03-03,LJ01,7302.15,779.17,269,80.0,2187.3,237.29
2026-03-03,LJ02,4755.26,223.86,177,58.0,1378.26,72.33
2026-03-03,LJ03,4234.3,235.65,169,62.0,1302.82,87.88
2026-03-03,LJ04,4797.95,164.97,192,50.0,1451.27,69.52
2026-03-03,LJ05,3428.7,62.12,194,23.0,912.85,15.98
2026-03-03,LJ06,5693.41,317.27,194,94.0,1441.17,54.66
2026-03-03,LJ07,4504.23,179.75,171,39.0,1297.84,43.51
2026-03-03,LJ08,5525.18,295.84,253,52.0,2063.73,147.38
2026-03-03,LJ09,4758.17,230.75,182,79.0,1488.18,100.91
2026-03-03,LJ10,5375.87,260.42,205,89.0,1631.59,202.88
2026-03-03,LJ11,2748.71,40.86,165,15.0,722.71,17.12
2026-03-03,LJ12,4510.0,203.93,153,104.0,1334.49,171.58
2026-03-03,LJ13,2631.27,92.78,102,58.0,750.95,58.3
2026-03-04,LJ01,7744.71,822.72,279,80.0,2392.75,229.43
2026-03-04,LJ02,6348.26,288.5,218,55.0,1697.05,72.33
2026-03-04,LJ03,4550.15,244.66,185,72.0,1253.28,61.12
2026-03-04,LJ04,5190.66,217.92,205,45.0,1384.39,44.46
2026-03-04,LJ05,3293.29,80.0,201,21.0,860.09,15.83
2026-03-04,LJ06,5459.21,300.01,195,87.0,1413.48,50.84
2026-03-04,LJ07,4923.11,157.81,193,40.0,1463.38,47.95
2026-03-04,LJ08,5662.74,361.57,241,57.0,1968.36,130.35
2026-03-04,LJ09,4222.53,255.1,157,78.0,1248.3,65.77
2026-03-04,LJ10,6235.11,226.22,226,92.0,1820.1,199.05
2026-03-04,LJ11,2673.53,54.98,168,14.0,678.15,10.72
2026-03-04,LJ12,4494.85,181.21,152,114.0,1393.04,186.63
2026-03-04,LJ13,2698.47,114.5,103,60.0,739.7,59.23
2026-03-05,LJ01,8453.85,1170.87,305,75.0,2555.81,168.0
2026-03-05,LJ02,5115.31,218.8,185,57.0,1459.07,73.35
2026-03-05,LJ03,4540.28,222.73,174,72.0,1247.96,56.31
2026-03-05,LJ04,5445.04,204.27,200,51.0,1615.59,63.87
2026-03-05,LJ05,3439.86,73.97,201,23.0,919.26,19.84
2026-03-05,LJ06,6803.23,262.92,243,99.0,1884.64,94.29
2026-03-05,LJ07,4512.98,183.45,172,43.0,1176.12,42.75
2026-03-05,LJ08,5983.66,376.43,255,58.0,2202.95,155.53
2026-03-05,LJ09,4918.74,281.23,199,81.0,1373.29,81.8
2026-03-05,LJ10,5736.26,234.3,221,95.0,1663.42,164.81
2026-03-05,LJ11,2992.18,52.14,185,16.0,782.56,17.21
2026-03-05,LJ12,5697.4,225.1,190,109.0,1542.61,234.67
2026-03-05,LJ13,3126.14,100.5,126,59.0,855.48,93.52
2026-03-06,LJ01,7719.81,811.53,293,83.0,2312.16,188.59
2026-03-06,LJ02,6450.79,270.21,232,59.0,1664.66,66.43
2026-03-06,LJ03,4893.96,295.1,198,67.0,1334.25,67.06
2026-03-06,LJ04,6696.86,283.79,260,55.0,1816.91,53.66
2026-03-06,LJ05,3275.34,67.13,194,21.0,866.72,19.14
2026-03-06,LJ06,5569.9,280.19,201,102.0,1392.37,35.56
2026-03-06,LJ07,5110.09,183.71,202,44.0,1348.6,46.68
2026-03-06,LJ08,5015.5,315.66,233,52.0,1900.14,120.3
2026-03-06,LJ09,4530.95,194.42,173,76.0,1272.85,88.12
2026-03-06,LJ10,7697.66,348.16,276,85.0,2181.15,138.37
2026-03-06,LJ11,2859.4,40.98,173,16.0,668.32,10.32
2026-03-06,LJ12,5478.62,321.59,187,112.0,1589.87,245.31
2026-03-06,LJ13,3357.38,94.64,128,63.0,908.7,104.26
2026-03-07,LJ01,5624.49,657.76,209,70.0,1677.06,138.74
2026-03-07,LJ02,6867.85,263.91,250,67.0,2001.67,84.58
2026-03-07,LJ03,3751.6,184.14,151,64.0,1063.95,70.14
2026-03-07,LJ04,7789.42,254.29,311,52.0,2113.1,107.26
2026-03-07,LJ05,2489.55,43.4,143,18.0,670.92,13.54
2026-03-07,LJ06,4671.59,213.94,162,87.0,1211.34,52.71
2026-03-07,LJ07,7297.75,316.31,274,49.0,1930.76,65.46
2026-03-07,LJ08,4640.86,250.46,202,55.0,1589.65,70.87
2026-03-07,LJ09,3843.21,208.24,144,70.0,1120.76,82.82
2026-03-07,LJ10,5149.16,199.3,184,82.0,1548.85,182.56
2026-03-07,LJ11,1882.62,38.41,113,14.0,439.23,8.1
2026-03-07,LJ12,4356.14,190.3,141,102.0,1183.23,123.9
2026-03-07,LJ13,3652.47,155.81,142,66.0,1071.59,98.29
2026-03-08,LJ01,3767.86,417.0,149,65.0,1115.0,94.81
2026-03-08,LJ02,6072.73,295.36,227,56.0,1676.26,77.82
2026-03-08,LJ03,2246.89,97.77,93,58.0,650.37,37.1
2026-03-08,LJ04,5964.52,215.55,235,48.0,1764.08,67.04
2026-03-08,LJ05,1120.64,23.07,68,15.0,276.63,5.22
2026-03-08,LJ06,3064.46,164.01,104,72.0,788.33,23.32
2026-03-08,LJ07,4429.07,193.96,172,39.0,1311.38,50.34
2026-03-08,LJ08,2786.31,153.39,125,46.0,1005.08,73.27
2026-03-08,LJ09,2057.19,83.9,77,62.0,630.29,38.35
2026-03-08,LJ10,3217.93,115.03,120,72.0,923.2,74.42
2026-03-08,LJ11,871.93,13.99,53,11.0,225.02,6.57
2026-03-08,LJ12,2085.84,116.61,71,83.0,616.2,96.01
2026-03-08,LJ13,2912.29,85.53,109,56.0,817.55,71.24
2026-03-09,LJ01,8193.88,1104.5,312,71.0,2499.52,172.15
2026-03-09,LJ02,4811.99,203.06,174,55.0,1278.94,55.39
2026-03-09,LJ03,4599.65,226.73,177,69.0,1260.67,53.85
2026-03-09,LJ04,5501.66,244.39,203,45.0,1539.26,80.61
2026-03-09,LJ05,3377.58,59.64,194,22.0,885.66,11.31
2026-03-09,LJ06,6846.42,283.42,226,89.0,1840.51,79.41
2026-03-09,LJ07,3921.46,144.21,160,37.0,1056.69,53.25
2026-03-09,LJ08,4895.84,339.05,216,51.0,1829.79,104.68
2026-03-09,LJ09,4449.22,192.67,181,83.0,1288.11,79.72
2026-03-09,LJ10,5815.1,254.06,216,93.0,1598.99,144.85
2026-03-09,LJ11,2796.79,57.24,177,14.0,675.68,18.24
2026-03-09,LJ12,4962.47,227.49,174,102.0,1527.44,226.59
2026-03-09,LJ13,2466.67,103.68,91,58.0,682.37,80.94
2026-03-10,LJ01,7568.66,1025.33,288,79.0,2181.33,229.13
2026-03-10,LJ02,4872.61,247.3,179,59.0,1306.57,65.74
2026-03-10,LJ03,3986.03,178.83,165,62.0,1145.06,56.42
2026-03-10,LJ04,6135.45,267.42,225,46.0,1676.27,60.33
2026-03-10,LJ05,3887.13,80.84,220,22.0,1054.65,17.81
2026-03-10,LJ06,6799.24,294.03,230,86.0,1731.5,58.4
2026-03-10,LJ07,3805.53,130.2,156,43.0,999.19,47.78
2026-03-10,LJ08,4558.55,292.56,210,55.0,1584.58,87.66
2026-03-10,LJ09,4330.2,254.66,165,75.0,1305.35,61.7
2026-03-10,LJ10,6700.55,349.47,242,91.0,1840.77,187.94
2026-03-10,LJ11,2439.09,45.19,158,14.0,604.41,11.97
2026-03-10,LJ12,5757.35,335.87,187,114.0,1713.39,239.96
2026-03-10,LJ13,3043.4,115.01,112,56.0,876.58,88.46
2026-03-11,LJ01,7824.82,838.43,289,73.0,2181.78,154.79
2026-03-11,LJ02,5902.59,252.35,205,56.0,1668.46,53.78
2026-03-11,LJ03,4377.55,264.85,173,65.0,1286.95,73.46
2026-03-11,LJ04,6096.26,204.6,237,48.0,1752.34,96.34
2026-03-11,LJ05,3098.59,60.68,185,0.0,737.76,15.87
2026-03-11,LJ06,5991.25,292.19,206,99.0,1625.36,65.87
2026-03-11,LJ07,4338.62,177.88,174,38.0,1221.85,57.47
2026-03-11,LJ08,5071.4,241.62,222,58.0,1758.98,134.73
2026-03-11,LJ09,4030.81,243.66,160,79.0,1234.95,90.49
2026-03-11,LJ10,6058.66,213.13,226,91.0,1820.74,115.17
2026-03-11,LJ11,2683.18,50.82,158,14.0,689.43,12.28
2026-03-11,LJ12,5520.99,219.2,178,105.0,1529.75,213.17
2026-03-11,LJ13,2644.93,111.49,100,54.0,770.67,84.1
2026-03-12,LJ01,8582.91,1145.11,332,75.0,2530.48,154.1
2026-03-12,LJ02,5909.08,207.14,220,61.0,1568.03,83.05
2026-03-12,LJ03,4119.34,243.62,166,74.0,1243.91,44.49
2026-03-12,LJ04,5550.37,223.45,217,52.0,1524.78,83.49
2026-03-12,LJ05,3086.13,54.95,189,22.0,790.35,9.95
2026-03-12,LJ06,6596.23,267.42,236,100.0,1797.26,50.95
2026-03-12,LJ07,4836.65,149.71,197,40.0,1424.37,41.85
2026-03-12,LJ08,5537.09,271.99,245,54.0,2158.26,154.35
2026-03-12,LJ09,4526.34,242.7,183,86.0,1253.08,50.59
2026-03-12,LJ10,5756.97,203.67,219,96.0,1751.25,210.39
2026-03-12,LJ11,3190.12,68.78,206,14.0,737.09,12.98
2026-03-12,LJ12,5008.01,257.41,166,107.0,1415.06,140.84
2026-03-12,LJ13,3256.31,123.28,126,58.0,979.52,105.38
2026-03-13,LJ01,8359.08,909.25,332,85.0,2469.42,230.08
2026-03-13,LJ02,7147.44,272.11,255,60.0,2023.04,79.72
2026-03-13,LJ03,4871.31,297.08,200,68.0,1464.31,71.97
2026-03-13,LJ04,7674.17,289.25,300,50.0,2095.36,120.25
2026-03-13,LJ05,3648.86,68.0,218,20.0,900.59,22.89
2026-03-13,LJ06,7376.81,305.86,249,102.0,2067.57,63.26
2026-03-13,LJ07,6301.32,210.75,252,44.0,1869.77,83.06
2026-03-13,LJ08,6139.5,303.98,273,59.0,2227.02,145.64
2026-03-13,LJ09,5085.38,203.24,196,83.0,1423.67,103.38
2026-03-13,LJ10,6399.34,255.7,235,90.0,1757.33,203.59
2026-03-13,LJ11,3401.03,63.41,212,14.0,792.46,16.13
2026-03-13,LJ12,5824.1,231.52,188,104.0,1646.0,139.66
2026-03-13,LJ13,3432.83,106.97,132,66.0,945.9,131.79
2026-03-14,LJ01,7267.77,966.76,266,75.0,2200.79,172.95
2026-03-14,LJ02,7150.86,343.16,256,59.0,1945.84,79.11
2026-03-14,LJ03,3962.32,250.41,163,59.0,1144.05,57.24
2026-03-14,LJ04,7757.16,238.71,284,52.0,2160.36,123.34
2026-03-14,LJ05,2315.68,49.14,135,18.0,579.23,12.25
2026-03-14,LJ06,5003.43,260.54,170,85.0,1300.56,33.91
2026-03-14,LJ07,6764.03,277.09,260,48.0,1890.81,90.89
2026-03-14,LJ08,3955.94,214.98,169,51.0,1387.7,88.23
2026-03-14,LJ09,3429.95,157.93,131,69.0,951.22,41.16
2026-03-14,LJ10,5595.97,238.91,205,87.0,1688.95,214.53
2026-03-14,LJ11,2154.28,31.09,129,14.0,546.15,15.13
2026-03-14,LJ12,3737.41,188.94,123,96.0,1136.48,135.72
2026-03-14,LJ13,4451.38,182.35,180,59.0,1177.92,150.66
2026-03-15,LJ01,3722.7,384.41,140,67.0,1122.73,86.25
2026-03-15,LJ02,6107.26,246.63,216,58.0,1634.27,46.88
2026-03-15,LJ03,1935.15,98.98,77,57.0,581.65,25.08
2026-03-15,LJ04,6432.94,292.35,242,51.0,1926.84,93.07
2026-03-15,LJ05,1179.47,27.61,68,15.0,302.16,3.86
2026-03-15,LJ06,2978.25,159.43,107,70.0,767.41,33.19
2026-03-15,LJ07,4518.48,169.99,185,43.0,1330.89,51.93
2026-03-15,LJ08,2854.8,161.99,126,45.0,1102.41,71.62
2026-03-15,LJ09,1862.0,99.89,70,63.0,562.82,28.34
2026-03-15,LJ10,3182.26,154.09,118,68.0,907.89,68.19
2026-03-15,LJ11,1089.31,20.18,67,11.0,253.92,7.34
2026-03-15,LJ12,2345.28,137.52,78,93.0,680.43,94.47
2026-03-15,LJ13,3126.06,126.94,123,59.0,914.29,87.61
2026-03-16,LJ01,6913.29,667.37,266,80.0,2152.58,153.42
2026-03-16,LJ02,5488.7,253.71,192,55.0,1405.41,60.29
2026-03-16,LJ03,4428.62,231.81,169,65.0,1346.22,65.88
2026-03-16,LJ04,5382.07,176.31,214,49.0,1605.8,76.43
2026-03-16,LJ05,3695.15,79.05,214,21.0,960.42,21.05
2026-03-16,LJ06,6351.26,287.62,225,86.0,1819.1,92.37
2026-03-16,LJ07,3711.98,121.13,147,43.0,1047.96,52.1
2026-03-16,LJ08,5733.97,316.14,248,53.0,2114.89,96.56
2026-03-16,LJ09,4140.4,231.89,160,78.0,1167.86,72.62
2026-03-16,LJ10,6294.02,268.03,236,89.0,1862.62,131.82
2026-03-16,LJ11,3282.64,53.0,204,15.0,863.14,15.03
2026-03-16,LJ12,4534.13,191.22,156,100.0,1263.99,145.91
2026-03-16,LJ13,2946.92,97.13,115,51.0,902.28,67.6
2026-03-16,LJ14,3544.63,172.57,127,114.0,957.7,89.79
2026-03-17,LJ01,7627.19,752.8,287,72.0,2206.05,168.85
2026-03-17,LJ02,4860.01,247.52,180,57.0,1247.52,37.61
2026-03-17,LJ03,4123.98,213.75,166,67.0,1271.21,56.27
2026-03-17,LJ04,5072.05,159.16,196,49.0,1455.68,57.08
2026-03-17,LJ05,3320.67,72.12,194,21.0,860.43,17.47
2026-03-17,LJ06,6080.84,225.53,216,90.0,1695.91,52.27
2026-03-17,LJ07,3677.1,121.0,150,39.0,1006.22,30.87
2026-03-17,LJ08,4766.0,285.37,217,57.0,1838.11,115.04
2026-03-17,LJ09,4084.54,205.79,159,81.0,1212.39,78.61
2026-03-17,LJ10,5880.81,241.56,213,87.0,1768.92,157.54
2026-03-17,LJ11,2978.39,54.1,189,16.0,729.96,16.75
2026-03-17,LJ12,5290.99,215.81,179,117.0,1599.7,192.66
2026-03-17,LJ13,2440.97,96.12,95,58.0,713.87,68.28
2026-03-17,LJ14,4012.52,204.47,138,127.0,1058.43,125.09
2026-03-18,LJ01,8018.12,987.32,292,82.0,2500.21,217.08
2026-03-18,LJ02,5445.15,231.9,198,60.0,1490.47,70.92
2026-03-18,LJ03,4771.96,270.26,190,68.0,1449.94,50.92
2026-03-18,LJ04,5216.45,219.28,202,51.0,1525.04,72.57
2026-03-18,LJ05,2906.31,64.09,178,20.0,743.63,16.33
2026-03-18,LJ06,6491.1,369.39,214,91.0,1621.7,69.18
2026-03-18,LJ07,4577.9,185.67,179,39.0,1274.43,67.3
2026-03-18,LJ08,5726.9,298.52,266,54.0,2081.98,87.84
2026-03-18,LJ09,4033.75,166.25,151,77.0,1255.48,85.99
2026-03-18,LJ10,6157.42,311.42,218,97.0,1860.42,120.36
2026-03-18,LJ11,2754.87,55.23,178,16.0,656.2,12.11
2026-03-18,LJ12,4812.42,208.63,165,109.0,1417.31,110.96
2026-03-18,LJ13,2622.2,90.95,100,57.0,752.27,63.77
2026-03-18,LJ14,4097.77,252.22,138,133.0,1073.3,111.22
2026-03-19,LJ01,8297.29,754.34,312,78.0,2447.62,257.01
2026-03-19,LJ02,5465.33,264.09,192,56.0,1464.39,69.49
2026-03-19,LJ03,4530.7,291.89,174,66.0,1364.62,49.88
2026-03-19,LJ04,5289.89,173.66,203,46.0,1569.4,89.66
2026-03-19,LJ05,3725.01,62.61,221,20.0,956.31,23.41
2026-03-19,LJ06,6419.95,256.67,231,99.0,1728.41,53.56
2026-03-19,LJ07,4320.77,188.25,166,44.0,1176.95,66.54
2026-03-19,LJ08,5551.84,271.97,243,54.0,2139.41,168.97
2026-03-19,LJ09,5169.38,291.42,196,84.0,1555.26,84.56
2026-03-19,LJ10,5859.94,251.97,222,95.0,1587.07,194.5
2026-03-19,LJ11,3287.22,58.86,195,14.0,853.01,18.99
2026-03-19,LJ12,4996.98,239.15,169,106.0,1512.25,133.48
2026-03-19,LJ13,3568.61,146.26,137,57.0,1034.97,124.63
2026-03-19,LJ14,3943.1,191.59,136,135.0,1080.42,91.56
2026-03-20,LJ01,9226.27,1264.07,346,75.0,2769.48,222.64
2026-03-20,LJ02,6599.0,318.78,240,66.0,1693.74,51.8
2026-03-20,LJ03,4275.82,215.22,172,71.0,1177.35,54.03
2026-03-20,LJ04,6683.3,282.93,262,56.0,1897.8,70.03
2026-03-20,LJ05,3468.04,81.94,210,23.0,815.93,14.9
2026-03-20,LJ06,6590.41,355.9,232,90.0,1802.57,61.16
2026-03-20,LJ07,5427.49,202.3,220,47.0,1572.93,91.3
2026-03-20,LJ08,5305.0,346.0,232,60.0,1841.72,75.28
2026-03-20,LJ09,4643.59,201.26,187,80.0,1305.56,83.96
2026-03-20,LJ10,7248.37,346.41,274,97.0,2199.07,202.9
2026-03-20,LJ11,2723.18,59.6,173,14.0,689.02,20.27
2026-03-20,LJ12,5246.54,236.72,185,113.0,1430.23,181.64
2026-03-20,LJ13,3675.48,154.78,149,57.0,991.68,81.14
2026-03-20,LJ14,3506.84,202.04,127,124.0,994.06,100.93
2026-03-21,LJ01,5481.62,505.05,212,77.0,1731.0,181.19
2026-03-21,LJ02,8423.7,405.1,289,59.0,2329.67,77.49
2026-03-21,LJ03,3896.05,190.45,156,65.0,1167.85,41.99
2026-03-21,LJ04,8297.08,327.83,315,51.0,2262.02,90.6
2026-03-21,LJ05,2133.28,44.31,128,18.0,558.0,12.13
2026-03-21,LJ06,4621.33,184.95,164,88.0,1290.68,58.41
2026-03-21,LJ07,6399.32,258.22,262,48.0,1767.88,69.48
2026-03-21,LJ08,4609.62,221.98,209,54.0,1651.94,98.67
2026-03-21,LJ09,3697.72,152.98,150,72.0,1056.6,77.93
2026-03-21,LJ10,4851.07,232.58,174,77.0,1325.5,102.14
2026-03-21,LJ11,2108.38,30.8,136,13.0,533.46,11.06
2026-03-21,LJ12,4694.73,216.76,156,107.0,1326.37,174.33
2026-03-21,LJ13,3779.8,127.28,151,67.0,1024.56,80.33
2026-03-21,LJ14,3360.64,147.62,119,107.0,945.33,134.79
2026-03-22,LJ01,3759.37,399.99,149,66.0,1060.43,64.17
2026-03-22,LJ02,6518.24,255.64,234,58.0,1912.97,62.41
2026-03-22,LJ03,2080.59,95.4,85,51.0,624.42,39.5
2026-03-22,LJ04,6525.66,238.78,244,47.0,1798.1,68.31
2026-03-22,LJ05,1221.25,27.6,69,15.0,311.38,3.92
2026-03-22,LJ06,2882.85,130.01,97,81.0,775.24,39.42
2026-03-22,LJ07,4506.56,147.15,174,44.0,1342.02,58.01
2026-03-22,LJ08,2801.14,189.19,125,47.0,1064.08,43.5
2026-03-22,LJ09,2063.44,125.97,77,61.0,576.9,27.67
2026-03-22,LJ10,3438.21,134.94,126,68.0,1027.27,64.71
2026-03-22,LJ11,1042.82,21.85,66,10.0,269.84,7.58
2026-03-22,LJ12,2145.6,124.33,74,92.0,572.17,73.93
2026-03-22,LJ13,3468.28,118.73,135,57.0,967.96,108.5
2026-03-22,LJ14,1788.11,107.68,64,99.0,461.8,59.09
2026-03-23,LJ01,7623.75,1012.89,295,79.0,2364.5,279.05
2026-03-23,LJ02,5369.4,213.68,185,57.0,1481.38,64.76
2026-03-23,LJ03,4501.09,248.13,172,62.0,1331.86,49.53
2026-03-23,LJ04,4906.29,159.91,194,46.0,1450.01,78.78
2026-03-23,LJ05,3585.63,72.15,214,22.0,895.25,12.62
2026-03-23,LJ06,6955.87,276.69,231,95.0,1751.98,57.93
2026-03-23,LJ07,3878.44,157.78,159,42.0,1035.98,44.48
2026-03-23,LJ08,4542.25,205.66,211,57.0,1740.29,106.61
2026-03-23,LJ09,4671.16,244.18,175,83.0,1446.38,105.95
2026-03-23,LJ10,5400.79,228.84,198,82.0,1551.29,150.78
2026-03-23,LJ11,2747.93,46.36,169,15.0,642.55,10.87
2026-03-23,LJ12,5763.37,340.03,186,100.0,1683.27,225.18
2026-03-23,LJ13,2985.78,114.94,112,51.0,860.19,88.69
2026-03-23,LJ14,3246.42,148.17,120,125.0,864.35,101.4
2026-03-24,LJ01,8367.26,948.4,332,76.0,2626.19,246.6
2026-03-24,LJ02,5271.91,269.87,188,59.0,1346.76,65.32
2026-03-24,LJ03,4678.94,238.87,180,66.0,1270.9,74.07
2026-03-24,LJ04,5274.78,201.66,192,48.0,1407.74,45.41
2026-03-24,LJ05,3162.52,74.27,179,20.0,809.8,13.35
2026-03-24,LJ06,5709.8,278.26,196,91.0,1457.59,62.55
2026-03-24,LJ07,3769.7,140.64,149,43.0,1085.84,47.63
2026-03-24,LJ08,4915.8,231.87,215,59.0,1907.83,129.81
2026-03-24,LJ09,4610.13,274.4,183,0.0,1396.46,86.75
2026-03-24,LJ10,6517.01,293.02,237,92.0,1976.36,124.86
2026-03-24,LJ11,2644.0,48.76,166,15.0,684.04,14.3
2026-03-24,LJ12,5789.64,345.16,196,110.0,1620.13,206.79
2026-03-24,LJ13,2724.06,74.68,106,55.0,784.53,59.38
2026-03-24,LJ14,3399.84,163.88,125,133.0,992.2,124.0
2026-03-25,LJ01,8953.99,1033.14,335,77.0,2737.76,182.4
2026-03-25,LJ02,5210.58,217.52,183,55.0,1488.12,44.8
2026-03-25,LJ03,4301.69,275.21,177,69.0,1170.05,79.86
2026-03-25,LJ04,5123.53,216.87,195,47.0,1377.35,82.57
2026-03-25,LJ05,3761.26,84.73,214,22.0,896.64,16.99
2026-03-25,LJ06,5837.47,296.03,193,93.0,1602.67,62.77
2026-03-25,LJ07,4912.72,151.32,190,42.0,1370.9,56.97
2026-03-25,LJ08,4997.69,264.06,225,59.0,1742.65,69.18
2026-03-25,LJ09,4816.1,281.15,187,76.0,1318.12,68.06
2026-03-25,LJ10,6957.6,241.08,256,93.0,1966.28,228.22
2026-03-25,LJ11,3044.06,61.9,189,14.0,794.33,11.62
2026-03-25,LJ12,6040.64,253.39,202,110.0,1857.3,185.26
2026-03-25,LJ13,2864.42,82.26,115,56.0,854.74,118.44
2026-03-25,LJ14,3986.73,214.29,138,129.0,1173.45,128.63
2026-03-26,LJ01,8584.57,1163.28,322,75.0,2607.71,177.05
2026-03-26,LJ02,5464.94,185.78,202,62.0,1587.07,42.73
2026-03-26,LJ03,4412.47,200.2,178,72.0,1243.53,79.33
2026-03-26,LJ04,6402.46,199.78,239,50.0,1851.54,97.49
2026-03-26,LJ05,3817.33,81.12,219,20.0,941.89,11.99
2026-03-26,LJ06,6321.75,255.27,210,87.0,1597.39,56.63
2026-03-26,LJ07,4250.97,160.14,165,42.0,1251.36,39.96
2026-03-26,LJ08,5774.46,348.52,256,53.0,2208.48,176.33
2026-03-26,LJ09,4733.47,196.85,175,75.0,1367.52,58.57
2026-03-26,LJ10,6116.99,231.42,225,89.0,1663.99,209.9
2026-03-26,LJ11,3229.09,49.23,194,15.0,827.31,16.7
2026-03-26,LJ12,5603.65,292.07,184,116.0,1680.91,246.0
2026-03-26,LJ13,3312.63,105.8,131,53.0,979.95,137.24
2026-03-26,LJ14,3318.54,135.11,122,132.0,881.92,107.74
2026-03-27,LJ01,9489.05,1185.75,343,84.0,2794.91,317.21
2026-03-27,LJ02,7817.61,328.89,277,59.0,2291.1,87.85
2026-03-27,LJ03,5439.58,268.36,215,72.0,1621.49,112.99
2026-03-27,LJ04,7101.01,296.73,282,53.0,1882.8,58.68
2026-03-27,LJ05,3587.91,78.29,212,21.0,919.26,14.47
2026-03-27,LJ06,6545.42,374.05,221,97.0,1623.62,53.46
2026-03-27,LJ07,5813.35,245.09,234,42.0,1619.83,91.13
2026-03-27,LJ08,5652.17,333.17,260,58.0,2082.39,132.14
2026-03-27,LJ09,4686.94,186.98,191,88.0,1343.11,88.05
2026-03-27,LJ10,5992.52,278.36,229,95.0,1679.43,106.95
2026-03-27,LJ11,3670.56,63.6,223,16.0,850.47,22.6
2026-03-27,LJ12,5106.0,266.44,178,116.0,1441.55,201.98
2026-03-27,LJ13,4306.21,133.76,171,64.0,1316.22,185.18
2026-03-27,LJ14,4077.47,254.19,144,122.0,1088.09,95.15
2026-03-28,LJ01,5855.49,784.32,221,70.0,1734.49,121.25
2026-03-28,LJ02,8561.4,325.86,304,65.0,2239.77,69.82
2026-03-28,LJ03,4044.91,210.01,160,60.0,1168.91,77.37
2026-03-28,LJ04,8394.52,331.29,318,56.0,2375.95,109.04
2026-03-28,LJ05,2380.29,44.15,138,19.0,630.51,13.69
2026-03-28,LJ06,4611.33,195.45,159,81.0,1328.48,52.19
2026-03-28,LJ07,6075.3,231.78,250,49.0,1682.96,84.1
2026-03-28,LJ08,3950.75,185.79,184,55.0,1540.37,110.7
2026-03-28,LJ09,3406.9,136.77,130,75.0,959.58,58.22
2026-03-28,LJ10,5680.55,248.04,205,85.0,1615.97,170.23
2026-03-28,LJ11,1983.69,35.54,118,13.0,460.97,11.0
2026-03-28,LJ12,4534.29,268.83,151,95.0,1359.57,151.2
2026-03-28,LJ13,4203.7,169.76,164,59.0,1133.07,141.37
2026-03-28,LJ14,2881.44,180.07,107,119.0,831.17,103.98
2026-03-29,LJ01,3826.28,434.25,150,63.0,1127.87,87.32
2026-03-29,LJ02,6400.4,278.26,236,57.0,1868.04,77.73
2026-03-29,LJ03,2086.75,124.46,83,59.0,577.29,21.21
2026-03-29,LJ04,6348.87,204.99,234,47.0,1733.35,88.14
2026-03-29,LJ05,1145.0,24.49,71,17.0,275.04,5.54
2026-03-29,LJ06,3130.94,135.75,111,79.0,826.48,28.92
2026-03-29,LJ07,4520.89,171.05,177,41.0,1207.85,63.08
2026-03-29,LJ08,2279.12,160.46,106,46.0,809.5,53.7
2026-03-29,LJ09,1867.44,80.15,74,61.0,572.51,30.0
2026-03-29,LJ10,3470.47,132.7,124,74.0,1047.27,104.27
2026-03-29,LJ11,1002.31,20.14,61,11.0,263.25,6.38
2026-03-29,LJ12,2270.35,108.45,79,92.0,678.52,70.02
2026-03-29,LJ13,3313.93,116.63,132,60.0,899.09,102.66
2026-03-29,LJ14,1749.15,106.94,63,96.0,466.71,52.56
2026-03-30,LJ01,6657.53,890.96,264,75.0,1864.11,192.4
2026-03-30,LJ02,5250.48,256.66,190,51.0,1517.48,52.11
2026-03-30,LJ03,4826.9,308.85,194,71.0,1331.93,55.78
2026-03-30,LJ04,5631.01,217.82,210,45.0,1626.12,92.42
2026-03-30,LJ05,3703.99,64.42,218,21.0,965.81,24.66
2026-03-30,LJ06,5450.68,208.32,183,87.0,1437.14,51.81
2026-03-30,LJ07,4525.25,191.48,177,41.0,1183.66,37.15
2026-03-30,LJ08,5634.23,318.18,257,50.0,2031.83,111.16
2026-03-30,LJ09,3988.06,234.1,151,83.0,1102.62,70.06
2026-03-30,LJ10,6726.11,259.04,241,91.0,1873.24,231.46
2026-03-30,LJ11,3090.57,57.58,182,16.0,771.66,12.12
2026-03-30,LJ12,5697.49,315.82,188,107.0,1621.83,147.47
2026-03-30,LJ13,2670.0,93.25,103,52.0,758.54,105.51
2026-03-30,LJ14,3519.18,217.39,120,125.0,906.61,127.2
2026-03-31,LJ01,8337.11,809.11,325,73.0,2691.72,221.22
2026-03-31,LJ02,5458.01,258.88,192,52.0,1422.42,54.22
2026-03-31,LJ03,4655.79,278.82,191,66.0,1427.36,54.17
2026-03-31,LJ04,4638.74,161.92,185,47.0,1265.42,67.13
2026-03-31,LJ05,3662.6,64.34,220,20.0,904.16,21.92
2026-03-31,LJ06,5173.87,286.35,188,87.0,1408.74,71.49
2026-03-31,LJ07,4061.81,160.14,165,39.0,1207.02,62.73
2026-03-31,LJ08,5676.8,299.95,258,58.0,2161.88,125.07
2026-03-31,LJ09,4277.14,210.92,170,78.0,1223.1,82.54
2026-03-31,LJ10,6960.35,339.34,246,95.0,1894.46,166.93
2026-03-31,LJ11,2758.4,54.7,176,15.0,645.72,9.63
2026-03-31,LJ12,5225.77,264.57,185,106.0,1570.33,207.29
2026-03-31,LJ13,3011.44,106.26,118,56.0,887.08,62.57
2026-03-31,LJ14,4461.83,209.12,154,132.0,1227.06,136.64
2026-04-01,LJ01,9329.82,1241.24,337,80.0,2572.05,218.05
2026-04-01,LJ02,6660.2,223.68,230,52.0,1915.91,83.63
2026-04-01,LJ03,5354.6,277.69,208,64.0,1603.25,96.39
2026-04-01,LJ04,4960.06,179.32,198,48.0,1430.19,76.61
2026-04-01,LJ05,3203.36,69.67,197,22.0,828.14,12.75
2026-04-01,LJ06,5807.26,311.79,194,95.0,1480.55,71.57
2026-04-01,LJ07,4942.48,176.2,193,40.0,1393.17,60.57
2026-04-01,LJ08,6150.99,365.35,282,53.0,2366.77,173.88
2026-04-01,LJ09,4352.5,236.16,173,83.0,1298.59,82.73
2026-04-01,LJ10,5768.9,215.38,224,95.0,1634.28,121.03
2026-04-01,LJ11,3362.89,62.02,218,14.0,819.08,15.48
2026-04-01,LJ12,5469.79,215.57,181,115.0,1572.92,127.69
2026-04-01,LJ13,3000.83,96.88,113,51.0,825.2,63.49
2026-04-01,LJ14,4421.41,237.7,154,120.0,1313.18,132.68
2026-04-02,LJ01,7500.39,966.16,276,82.0,2173.47,250.98
2026-04-02,LJ02,5124.8,259.15,193,61.0,1413.63,53.36
2026-04-02,LJ03,5207.46,234.47,203,71.0,1548.42,60.23
2026-04-02,LJ04,6462.57,228.81,252,45.0,1846.1,72.2
2026-04-02,LJ05,3673.93,61.74,224,20.0,870.13,14.88
2026-04-02,LJ06,6560.29,268.45,235,95.0,1804.47,60.86
2026-04-02,LJ07,5136.17,180.65,209,45.0,1536.52,80.42
2026-04-02,LJ08,6076.21,375.62,264,58.0,2239.27,148.69
2026-04-02,LJ09,4723.21,208.15,176,79.0,1330.0,86.18
2026-04-02,LJ10,6707.14,344.53,252,94.0,1842.36,171.59
2026-04-02,LJ11,3638.98,54.57,228,14.0,853.67,21.1
2026-04-02,LJ12,5684.0,272.39,187,115.0,1610.52,160.68
2026-04-02,LJ13,3444.22,120.27,139,61.0,988.77,136.21
2026-04-02,LJ14,3824.59,226.94,131,134.0,1041.36,97.93
2026-04-03,LJ02,6738.03,319.55,238,62.0,1787.12,61.31
2026-04-03,LJ04,7068.81,271.25,272,55.0,2127.55,93.3
2026-04-03,LJ05,3745.41,75.97,229,21.0,999.48,13.69
2026-04-03,LJ06,6262.42,355.96,224,95.0,1704.2,68.64
2026-04-03,LJ07,6207.66,175.13,234,46.0,1820.1,68.38
2026-04-03,LJ11,3329.77,48.11,209,16.0,786.3,21.42
2026-04-03,LJ12,5932.62,251.48,204,116.0,1774.47,233.51
2026-04-03,LJ13,3972.57,129.1,157,62.0,1137.89,142.25
2026-04-04,LJ01,6474.01,825.82,239,69.0,1858.32,137.32
2026-04-04,LJ02,8928.35,334.4,315,67.0,2395.33,85.31
2026-04-04,LJ03,3932.24,257.42,161,66.0,1048.07,72.62
2026-04-04,LJ04,9332.76,293.51,346,53.0,2689.24,113.98
2026-04-04,LJ05,2093.96,47.98,126,20.0,493.0,10.54
2026-04-04,LJ06,5150.37,256.36,179,90.0,1300.22,62.36
2026-04-04,LJ07,7009.38,252.53,281,44.0,1977.14,83.17
2026-04-04,LJ08,4420.46,253.03,195,52.0,1678.46,66.9
2026-04-04,LJ09,3410.92,203.28,139,68.0,939.19,42.86
2026-04-04,LJ10,4733.16,173.85,171,85.0,1344.44,166.2
2026-04-04,LJ11,1978.65,33.18,121,13.0,481.06,11.06
2026-04-04,LJ12,4182.56,167.14,146,94.0,1292.13,151.3
2026-04-04,LJ13,4489.01,123.5,174,66.0,1228.1,151.17
2026-04-04,LJ14,3346.27,157.19,119,110.0,982.27,94.06
2026-04-05,LJ01,4319.3,524.64,162,60.0,1289.4,101.51
2026-04-05,LJ02,7161.19,267.02,246,60.0,1887.35,100.4
2026-04-05,LJ03,2054.2,130.91,82,51.0,629.21,37.75
2026-04-05,LJ04,6173.46,221.48,236,46.0,1821.17,77.46
2026-04-05,LJ05,1114.78,21.01,63,17.0,288.45,7.2
2026-04-05,LJ06,2592.17,133.22,90,73.0,719.53,23.63
2026-04-05,LJ07,4376.18,137.92,180,44.0,1272.49,50.16
2026-04-05,LJ08,2389.18,120.55,104,47.0,899.98,56.73
2026-04-05,LJ09,2183.41,114.61,81,60.0,642.86,35.63
2026-04-05,LJ10,3065.31,149.92,111,74.0,917.81,90.16
2026-04-05,LJ11,1027.38,17.14,61,11.0,268.42,7.23
2026-04-05,LJ12,2626.32,114.24,91,82.0,764.78,119.06
2026-04-05,LJ13,3251.02,100.38,125,53.0,870.26,79.58
2026-04-05,LJ14,2151.18,98.91,75,97.0,634.93,80.26
2026-04-06,LJ01,7857.88,1079.5,284,76.0,2310.29,248.71
2026-04-06,LJ02,5107.32,187.25,176,52.0,1375.31,69.17
2026-04-06,LJ03,4800.67,293.81,190,69.0,1297.12,62.5
2026-04-06,LJ04,5358.01,217.35,197,48.0,1535.74,46.99
2026-04-06,LJ05,3090.4,51.07,185,23.0,770.22,13.08
2026-04-06,LJ06,6924.96,323.3,229,87.0,1834.63,73.51
2026-04-06,LJ07,4614.74,170.63,180,42.0,1357.23,38.89
2026-04-06,LJ08,4703.38,285.24,216,54.0,1713.09,78.79
2026-04-06,LJ09,4411.45,233.61,179,85.0,1281.74,61.86
2026-04-06,LJ10,6640.5,255.04,239,88.0,2001.93,216.13
2026-04-06,LJ11,3098.38,66.11,196,15.0,773.44,19.81
2026-04-06,LJ12,5403.36,232.99,180,107.0,1489.5,212.52
2026-04-06,LJ13,3141.26,92.05,124,51.0,889.33,122.32
2026-04-06,LJ14,3364.07,168.54,125,128.0,918.51,120.02
2026-04-07,LJ01,8430.39,978.46,329,73.0,2600.04,288.44
2026-04-07,LJ02,5065.21,250.05,186,57.0,1440.16,65.58
2026-04-07,LJ03,4663.61,294.77,195,69.0,1338.45,86.55
2026-04-07,LJ04,6405.89,250.91,233,43.0,1863.93,97.16
2026-04-07,LJ05,3464.04,64.43,214,20.0,825.68,11.53
2026-04-07,LJ06,6010.29,274.36,203,89.0,1687.22,57.63
2026-04-07,LJ07,4005.06,168.52,160,40.0,1192.14,62.22
2026-04-07,LJ08,5805.23,297.58,262,53.0,2253.71,181.17
2026-04-07,LJ09,3987.37,220.66,157,79.0,1114.09,79.42
2026-04-07,LJ10,6004.48,230.41,232,92.0,1669.86,167.46
2026-04-07,LJ11,3470.61,58.27,208,16.0,840.41,15.07
2026-04-07,LJ12,5625.01,308.54,191,106.0,1708.44,187.95
2026-04-07,LJ13,2717.28,74.22,109,52.0,747.67,91.8
2026-04-07,LJ14,4680.26,242.03,164,115.0,1331.28,167.88
2026-04-08,LJ01,8151.41,922.08,297,78.0,2505.85,263.86
2026-04-08,LJ02,5931.78,287.3,213,59.0,1687.17,91.7
2026-04-08,LJ03,4220.63,239.14,168,71.0,1273.38,74.53
2026-04-08,LJ04,5235.05,205.84,200,45.0,1473.5,65.76
2026-04-08,LJ05,3174.09,65.29,194,22.0,800.77,16.73
2026-04-08,LJ06,7022.88,306.27,239,89.0,1893.06,93.19
2026-04-08,LJ07,4492.61,146.16,175,43.0,1312.51,58.6
2026-04-08,LJ08,5712.16,381.66,267,54.0,1986.92,153.15
2026-04-08,LJ09,4356.71,218.96,163,81.0,1355.11,84.55
2026-04-08,LJ10,6428.83,289.02,237,0.0,1802.68,148.27
2026-04-08,LJ11,2905.41,61.31,184,15.0,695.8,10.1
2026-04-08,LJ12,6572.12,288.22,213,103.0,1823.1,236.09
2026-04-08,LJ13,3120.55,122.69,123,51.0,915.37,99.01
2026-04-08,LJ14,3992.69,238.15,140,124.0,1109.04,164.26
2026-04-09,LJ01,8512.61,859.13,307,74.0,2470.52,231.39
2026-04-09,LJ02,6450.37,307.27,228,60.0,1738.35,60.39
2026-04-09,LJ03,4320.51,288.19,179,71.0,1216.23,45.57
2026-04-09,LJ04,6008.28,191.93,230,51.0,1708.5,102.74
2026-04-09,LJ05,3696.75,61.39,228,20.0,946.51,20.37
2026-04-09,LJ06,7469.13,287.05,250,88.0,1936.52,90.87
2026-04-09,LJ07,4552.29,188.43,176,38.0,1272.98,56.24
2026-04-09,LJ08,5546.15,376.68,239,53.0,1896.71,102.23
2026-04-09,LJ09,5214.87,309.63,196,75.0,1528.42,74.18
2026-04-09,LJ10,7217.68,320.16,263,88.0,2154.11,272.73
2026-04-09,LJ11,3667.22,53.94,229,16.0,922.9,20.62
2026-04-09,LJ12,5765.53,257.42,194,105.0,1581.92,150.76
2026-04-09,LJ13,3690.33,150.22,143,56.0,1016.87,117.26
2026-04-09,LJ14,3911.54,193.53,139,126.0,1107.16,127.56
2026-04-10,LJ01,9291.95,1239.59,352,79.0,2631.92,160.46
2026-04-10,LJ02,7848.5,351.7,271,57.0,2155.63,117.89
2026-04-10,LJ03,5365.81,320.93,223,67.0,1579.36,94.74
2026-04-10,LJ04,7422.76,255.19,296,53.0,2119.09,89.34
2026-04-10,LJ05,3625.58,73.93,207,23.0,924.14,12.49
2026-04-10,LJ06,7192.82,370.9,257,96.0,1897.67,78.29
2026-04-10,LJ07,6250.71,272.54,252,42.0,1706.47,85.64
2026-04-10,LJ08,5421.4,310.63,246,55.0,1988.76,121.15
2026-04-10,LJ09,4708.99,266.2,185,84.0,1397.4,92.44
2026-04-10,LJ10,7364.22,365.1,271,95.0,2069.3,170.44
2026-04-10,LJ11,3175.82,68.66,198,14.0,830.23,14.96
2026-04-10,LJ12,6120.72,249.74,202,118.0,1885.85,288.94
2026-04-10,LJ13,4542.96,171.34,169,61.0,1262.21,164.51
2026-04-10,LJ14,5331.52,297.49,180,127.0,1487.36,128.17
2026-04-11,LJ01,6762.95,617.53,268,75.0,2103.45,133.96
2026-04-11,LJ02,8120.24,340.54,286,67.0,2326.53,118.42
2026-04-11,LJ03,3634.23,220.81,149,60.0,1112.64,52.7
2026-04-11,LJ04,8744.2,291.08,345,52.0,2420.14,109.83
2026-04-11,LJ05,2317.29,53.83,134,19.0,590.13,8.8
2026-04-11,LJ06,5250.29,213.19,175,85.0,1463.98,43.16
2026-04-11,LJ07,6617.94,242.44,273,43.0,1919.73,113.21
2026-04-11,LJ08,4181.28,202.01,178,50.0,1462.13,73.7
2026-04-11,LJ09,3485.83,152.03,141,77.0,1030.68,40.46
2026-04-11,LJ10,5592.32,299.11,212,83.0,1541.26,128.74
2026-04-11,LJ11,1968.56,34.66,124,13.0,509.78,10.03
2026-04-11,LJ12,4508.04,174.02,150,104.0,1327.68,164.63
2026-04-11,LJ13,4840.02,171.43,190,61.0,1287.94,96.48
2026-04-11,LJ14,3474.22,207.54,125,115.0,943.21,94.57
2026-04-12,LJ01,4017.85,462.44,145,65.0,1220.12,86.92
2026-04-12,LJ02,7087.65,256.26,252,54.0,1834.88,84.62
2026-04-12,LJ03,2211.31,125.57,92,55.0,636.78,31.44
2026-04-12,LJ04,6139.25,220.08,233,50.0,1798.72,108.83
2026-04-12,LJ05,977.3,23.32,60,16.0,231.07,3.03
2026-04-12,LJ06,3355.11,188.27,112,75.0,855.14,36.05
2026-04-12,LJ07,4742.22,143.48,191,44.0,1259.57,40.0
2026-04-12,LJ08,2934.49,140.38,130,48.0,1023.38,60.58
2026-04-12,LJ09,1840.7,87.55,74,64.0,532.75,35.53
2026-04-12,LJ10,3477.92,155.93,123,70.0,1034.85,87.01
2026-04-12,LJ11,1154.49,20.27,68,11.0,286.0,6.27
2026-04-12,LJ12,2641.87,136.83,91,92.0,775.46,65.85
2026-04-12,LJ13,3942.04,122.43,159,54.0,1124.22,159.7
2026-04-12,LJ14,1846.19,77.62,68,94.0,508.23,79.31
2026-04-13,LJ01,7369.28,1016.3,271,74.0,2226.48,254.24
2026-04-13,LJ02,5609.61,221.58,206,52.0,1498.79,73.56
2026-04-13,LJ03,4387.29,269.74,176,70.0,1306.23,86.46
2026-04-13,LJ04,5313.02,187.67,210,46.0,1472.68,49.27
2026-04-13,LJ05,2961.94,56.06,175,20.0,736.11,14.87
2026-04-13,LJ06,5721.88,229.13,189,87.0,1447.57,64.23
2026-04-13,LJ07,4061.45,153.69,160,39.0,1200.47,58.78
2026-04-13,LJ08,6155.46,365.05,268,58.0,2360.18,191.49
2026-04-13,LJ09,4180.56,231.79,166,83.0,1265.64,66.85
2026-04-13,LJ10,6407.64,288.21,243,91.0,1921.77,122.57
2026-04-13,LJ11,3653.69,70.68,220,14.0,883.35,16.29
2026-04-13,LJ12,5036.35,267.05,177,101.0,1461.72,170.04
2026-04-13,LJ13,3139.28,105.49,121,56.0,948.66,127.61
2026-04-13,LJ14,4506.62,252.76,155,132.0,1321.21,159.11
2026-04-14,LJ01,7758.69,816.54,290,77.0,2298.12,152.08
2026-04-14,LJ02,4983.82,218.37,181,58.0,1382.11,71.87
2026-04-14,LJ03,5133.57,302.09,197,72.0,1504.94,75.51
2026-04-14,LJ04,5076.82,180.94,198,45.0,1501.61,81.11
2026-04-14,LJ05,3335.0,62.53,207,20.0,886.78,15.54
2026-04-14,LJ06,6281.87,310.9,214,100.0,1714.79,87.2
2026-04-14,LJ07,4401.2,142.41,177,43.0,1182.79,34.67
2026-04-14,LJ08,5279.49,363.82,242,51.0,1910.83,141.19
2026-04-14,LJ09,4317.08,243.53,163,76.0,1190.04,68.35
2026-04-14,LJ10,7252.47,275.84,262,94.0,2094.91,156.86
2026-04-14,LJ11,3155.54,49.73,193,15.0,765.31,11.39
2026-04-14,LJ12,5991.08,315.44,201,117.0,1766.49,266.77
2026-04-14,LJ13,3047.94,87.03,119,55.0,873.11,100.14
2026-04-14,LJ14,4385.89,181.16,150,134.0,1163.66,117.34
2026-04-15,LJ01,8887.41,944.14,342,78.0,2792.77,309.3
2026-04-15,LJ02,5438.02,202.83,191,56.0,1516.04,63.45
2026-04-15,LJ03,4530.5,220.17,182,66.0,1374.55,77.15
2026-04-15,LJ04,5328.35,188.25,200,45.0,1528.48,75.2
2026-04-15,LJ05,3371.88,77.74,205,22.0,874.88,16.55
2026-04-15,LJ06,6685.12,331.81,225,88.0,1847.61,50.34
2026-04-15,LJ07,4752.8,158.59,190,40.0,1369.12,76.61
2026-04-15,LJ08,5924.07,271.15,270,57.0,2215.57,130.52
2026-04-15,LJ09,4437.46,260.78,176,84.0,1389.53,73.4
2026-04-15,LJ10,6267.65,327.56,226,85.0,1673.59,134.4
2026-04-15,LJ11,3512.53,60.39,215,15.0,865.99,22.78
2026-04-15,LJ12,5756.02,284.83,188,118.0,1726.63,265.79
2026-04-15,LJ13,4063.69,118.86,150,60.0,1191.6,140.01
2026-04-15,LJ14,4441.8,245.88,156,133.0,1299.29,210.12
2026-04-16,LJ01,7910.07,1011.61,299,75.0,2276.51,238.78
2026-04-16,LJ02,6924.13,279.41,241,57.0,1846.0,51.56
2026-04-16,LJ03,4527.66,230.93,181,70.0,1249.87,84.09
2026-04-16,LJ04,5708.9,194.67,225,47.0,1642.85,66.49
2026-04-16,LJ05,3217.06,58.37,195,22.0,808.8,20.41
2026-04-16,LJ06,7167.75,409.34,252,95.0,1935.74,82.13
2026-04-16,LJ07,4765.94,145.72,184,41.0,1400.35,63.84
2026-04-16,LJ08,4935.9,304.05,229,55.0,1692.8,71.85
2026-04-16,LJ09,4705.97,204.08,180,82.0,1495.3,98.38
2026-04-16,LJ10,6663.33,235.2,244,89.0,1949.53,146.49
2026-04-16,LJ11,3522.77,55.67,219,15.0,902.28,22.41
2026-04-16,LJ12,6567.95,355.34,212,102.0,2014.03,283.4
2026-04-16,LJ13,4089.12,121.54,160,57.0,1237.34,127.11
2026-04-16,LJ14,5262.46,261.54,181,125.0,1475.71,188.0
2026-04-17,LJ01,9384.63,995.42,344,79.0,2702.8,283.96
2026-04-17,LJ02,7738.41,286.31,283,67.0,2130.46,108.69
2026-04-17,LJ03,4355.77,251.56,175,72.0,1209.14,69.04
2026-04-17,LJ04,7614.07,291.43,302,52.0,2192.92,66.87
2026-04-17,LJ05,3212.07,75.24,199,22.0,836.5,12.7
2026-04-17,LJ06,6060.09,310.91,219,88.0,1656.81,59.42
2026-04-17,LJ07,6411.22,188.62,260,47.0,1810.51,94.15
2026-04-17,LJ08,5304.66,296.66,233,59.0,1901.77,128.81
2026-04-17,LJ09,4635.05,263.03,175,81.0,1421.75,102.85
2026-04-17,LJ10,7720.19,293.44,275,86.0,2179.73,275.88
2026-04-17,LJ11,3200.06,56.21,206,15.0,784.54,11.97
2026-04-17,LJ12,5766.02,229.11,193,116.0,1584.97,188.37
2026-04-17,LJ13,5053.77,159.54,188,58.0,1506.08,157.29
2026-04-17,LJ14,4399.89,254.12,151,133.0,1276.31,125.41
2026-04-18,LJ01,6460.86,875.21,254,75.0,1848.09,195.64
2026-04-18,LJ02,7568.01,299.59,275,63.0,2217.28,117.9
2026-04-18,LJ03,3913.66,176.42,155,60.0,1095.53,39.4
2026-04-18,LJ04,8828.11,366.58,332,55.0,2565.77,86.7
2026-04-18,LJ05,2320.67,58.94,134,18.0,585.63,11.29
2026-04-18,LJ06,4606.68,224.51,161,81.0,1263.06,48.08
2026-04-18,LJ07,7162.83,264.92,278,50.0,2056.13,83.25
2026-04-18,LJ08,4351.39,235.2,194,49.0,1611.48,77.32
2026-04-18,LJ09,3935.36,189.77,154,75.0,1234.51,92.37
2026-04-18,LJ10,5388.96,244.93,195,81.0,1536.83,123.8
2026-04-18,LJ11,2301.84,49.31,149,14.0,539.56,9.68
2026-04-18,LJ12,4818.58,255.96,162,101.0,1286.04,132.18
2026-04-18,LJ13,5495.38,185.87,216,64.0,1472.84,111.46
2026-04-18,LJ14,3918.48,161.42,134,114.0,1169.31,191.18
2026-04-19,LJ01,4121.86,566.66,150,67.0,1158.31,75.66
2026-04-19,LJ02,7002.89,289.99,240,54.0,1840.1,81.74
2026-04-19,LJ03,1931.97,103.27,77,52.0,550.83,38.4
2026-04-19,LJ04,6964.19,315.42,261,51.0,1993.95,118.52
2026-04-19,LJ05,986.72,19.67,59,17.0,257.36,3.55
2026-04-19,LJ06,2790.58,113.83,101,77.0,791.05,35.19
2026-04-19,LJ07,4726.75,185.48,180,42.0,1374.75,62.29
2026-04-19,LJ08,2620.2,144.99,123,43.0,900.15,38.12
2026-04-19,LJ09,2015.36,109.5,78,69.0,569.78,24.54
2026-04-19,LJ10,2784.73,137.56,103,74.0,781.03,64.34
2026-04-19,LJ11,1139.55,21.9,70,12.0,274.06,6.23
2026-04-19,LJ12,2708.01,159.07,91,87.0,720.4,109.43
2026-04-19,LJ13,3456.34,96.39,135,59.0,1001.27,115.71
2026-04-19,LJ14,2130.0,120.54,73,94.0,591.96,51.04
2026-04-20,LJ01,6991.58,641.18,264,82.0,2260.65,247.29
2026-04-20,LJ02,4955.14,241.83,182,58.0,1272.56,38.75
2026-04-20,LJ03,4443.26,223.28,170,66.0,1334.44,79.12
2026-04-20,LJ04,5662.31,258.87,206,47.0,1537.11,66.79
2026-04-20,LJ05,3229.12,69.88,185,21.0,861.33,12.72
2026-04-20,LJ06,6472.73,301.75,235,95.0,1740.08,75.97
2026-04-20,LJ07,3989.67,159.94,164,43.0,1081.46,44.88
2026-04-20,LJ08,4514.97,260.2,209,56.0,1601.24,70.86
2026-04-20,LJ09,3979.43,206.64,149,79.0,1165.54,54.24
2026-04-20,LJ10,7332.87,288.27,267,91.0,2163.19,198.49
2026-04-20,LJ11,3614.91,65.71,220,16.0,898.31,25.22
2026-04-20,LJ12,5650.9,318.37,183,100.0,1557.24,165.35
2026-04-20,LJ13,2813.78,119.7,113,50.0,811.54,114.53
2026-04-20,LJ14,4271.04,225.88,147,118.0,1135.06,91.6
2026-04-21,LJ01,8034.55,909.7,305,75.0,2250.57,198.7
2026-04-21,LJ02,5987.61,221.88,210,58.0,1563.17,69.22
2026-04-21,LJ04,6087.54,198.58,240,44.0,1842.96,63.05
2026-04-21,LJ05,3173.52,66.78,191,22.0,764.2,15.96
2026-04-21,LJ07,4525.11,157.0,173,41.0,1323.9,38.18
2026-04-21,LJ11,3012.65,59.29,193,15.0,715.86,20.29
2026-04-21,LJ13,3334.63,136.42,131,59.0,921.84,119.49
2026-04-22,LJ01,7395.33,815.57,273,74.0,2331.35,262.64
2026-04-22,LJ02,5786.34,254.12,209,57.0,1669.41,79.63
2026-04-22,LJ03,4766.19,256.68,193,67.0,1302.73,85.81
2026-04-22,LJ04,5687.81,178.62,223,44.0,1588.54,91.39
2026-04-22,LJ05,3665.48,81.18,221,22.0,880.12,20.23
2026-04-22,LJ06,6760.37,319.25,233,96.0,1785.76,46.34
2026-04-22,LJ07,4234.76,135.7,169,43.0,1271.36,62.89
2026-04-22,LJ08,6320.36,404.72,279,59.0,2338.35,188.56
2026-04-22,LJ09,4467.41,233.17,176,81.0,1356.9,101.71
2026-04-22,LJ10,6239.72,254.6,242,83.0,1665.32,184.88
2026-04-22,LJ11,3206.25,62.92,192,16.0,782.51,22.62
2026-04-22,LJ12,6610.55,289.16,213,107.0,1934.8,221.37
2026-04-22,LJ13,3431.2,135.69,133,60.0,1006.42,79.78
2026-04-22,LJ14,5176.13,245.48,180,131.0,1451.43,182.73
2026-04-23,LJ01,9272.87,969.94,353,84.0,2810.53,165.72
2026-04-23,LJ02,6612.19,285.6,245,54.0,1839.52,85.58
2026-04-23,LJ03,5394.5,347.91,211,67.0,1632.46,105.02
2026-04-23,LJ04,5848.34,218.02,217,47.0,1653.7,89.56
2026-04-23,LJ05,3770.24,94.6,215,20.0,986.97,25.03
2026-04-23,LJ06,5554.85,255.96,201,94.0,1543.9,40.45
2026-04-23,LJ07,5396.57,186.83,207,39.0,1512.97,82.91
2026-04-23,LJ08,5998.83,386.83,261,57.0,2157.74,151.46
2026-04-23,LJ09,4761.74,290.84,191,77.0,1440.64,78.39
2026-04-23,LJ10,6707.78,294.07,237,87.0,1918.11,168.98
2026-04-23,LJ11,3866.25,78.69,238,14.0,972.8,17.43
2026-04-23,LJ12,7029.78,371.92,235,108.0,1900.53,276.09
2026-04-23,LJ13,4167.37,155.88,166,54.0,1177.01,135.02
2026-04-23,LJ14,4649.77,224.03,166,132.0,1382.8,203.65
2026-04-24,LJ01,8335.48,779.24,306,76.0,2522.48,200.42
2026-04-24,LJ02,6835.33,297.51,258,59.0,1881.72,64.01
2026-04-24,LJ03,5305.92,303.61,212,72.0,1628.45,87.09
2026-04-24,LJ04,7357.51,273.23,276,54.0,2060.39,77.61
2026-04-24,LJ05,3182.15,58.57,190,21.0,856.0,18.97
2026-04-24,LJ06,5880.91,279.7,213,88.0,1672.44,67.42
2026-04-24,LJ07,6656.13,266.4,268,47.0,1974.23,60.51
2026-04-24,LJ08,5733.28,402.91,250,56.0,2152.11,165.73
2026-04-24,LJ09,5206.02,296.66,193,83.0,1519.49,90.6
2026-04-24,LJ10,6746.96,331.24,243,98.0,1835.57,234.22
2026-04-24,LJ11,3392.08,69.34,211,16.0,803.19,19.35
2026-04-24,LJ12,7197.81,379.91,242,118.0,2088.81,271.26
2026-04-24,LJ13,4895.77,178.24,191,64.0,1302.6,183.47
2026-04-24,LJ14,4437.75,254.55,151,120.0,1161.47,165.06
2026-04-25,LJ01,5907.76,589.76,225,77.0,1841.82,171.38
2026-04-25,LJ02,7952.76,275.21,297,65.0,2362.49,109.49
2026-04-25,LJ03,3813.71,203.59,155,61.0,1097.53,46.53
2026-04-25,LJ04,8123.44,320.93,317,54.0,2414.39,79.68
2026-04-25,LJ05,2405.52,53.82,137,18.0,599.74,7.53
2026-04-25,LJ06,5560.05,247.2,193,88.0,1550.37,60.76
2026-04-25,LJ07,6275.47,178.72,257,45.0,1694.14,52.96
2026-04-25,LJ08,4198.18,239.17,184,48.0,1633.29,108.36
2026-04-25,LJ09,3644.1,150.35,140,78.0,1039.87,77.67
2026-04-25,LJ10,5309.72,283.91,190,84.0,1469.68,177.36
2026-04-25,LJ11,2435.79,46.94,145,12.0,586.5,13.11
2026-04-25,LJ12,4686.13,205.72,156,98.0,1433.03,165.89
2026-04-25,LJ13,5679.58,230.36,218,68.0,1630.54,199.01
2026-04-25,LJ14,4208.66,190.75,145,112.0,1180.52,147.32
2026-04-26,LJ01,4017.1,456.82,158,63.0,1211.66,119.21
2026-04-26,LJ02,6106.84,261.13,224,59.0,1734.64,81.61
2026-04-26,LJ03,2569.74,132.12,99,55.0,706.39,35.49
2026-04-26,LJ04,6999.08,220.64,256,53.0,1881.71,99.94
2026-04-26,LJ05,1059.54,18.67,60,17.0,258.33,3.78
2026-04-26,LJ06,2758.23,156.14,93,71.0,764.36,36.17
2026-04-26,LJ07,5724.9,195.37,219,43.0,1706.69,96.39
2026-04-26,LJ08,2318.89,126.23,106,48.0,857.64,63.72
2026-04-26,LJ09,1924.95,116.12,77,67.0,553.14,41.67
2026-04-26,LJ10,2800.17,106.54,103,67.0,827.89,91.28
2026-04-26,LJ11,1084.88,15.78,69,11.0,264.46,4.69
2026-04-26,LJ12,2551.27,151.78,88,86.0,726.28,115.49
2026-04-26,LJ13,3907.45,131.37,153,57.0,1096.92,128.64
2026-04-26,LJ14,2309.57,135.92,78,93.0,684.22,94.63
2026-04-27,LJ01,7941.22,904.6,298,80.0,2260.43,142.43
2026-04-27,LJ02,4803.02,222.99,170,55.0,1390.16,57.83
2026-04-27,LJ03,4736.69,208.39,181,62.0,1378.73,49.61
2026-04-27,LJ04,5383.72,184.72,213,46.0,1430.64,72.54
2026-04-27,LJ05,3115.83,72.7,182,19.0,823.14,10.4
2026-04-27,LJ06,5419.97,288.24,189,85.0,1377.38,59.95
2026-04-27,LJ07,3869.17,113.24,155,43.0,1039.14,34.64
2026-04-27,LJ08,4798.34,315.3,215,54.0,1791.14,114.25
2026-04-27,LJ09,4008.47,219.07,160,75.0,1237.05,70.29
2026-04-27,LJ10,6390.35,329.83,236,90.0,1742.13,197.34
2026-04-27,LJ11,3488.41,51.8,215,14.0,834.69,24.75
2026-04-27,LJ12,6485.08,339.61,212,112.0,1973.5,239.08
2026-04-27,LJ13,3215.43,125.67,130,56.0,914.6,64.49
2026-04-27,LJ14,4225.93,181.62,148,124.0,1260.09,177.22
2026-04-28,LJ01,8242.98,1051.44,299,81.0,2544.08,200.55
2026-04-28,LJ02,6210.01,211.75,216,59.0,1694.16,61.82
2026-04-28,LJ03,4434.45,286.94,177,66.0,1309.24,67.67
2026-04-28,LJ04,5125.39,206.4,197,49.0,1424.21,53.72
2026-04-28,LJ05,3509.6,86.62,211,22.0,934.64,18.96
2026-04-28,LJ06,6795.81,334.19,240,90.0,1839.62,88.67
2026-04-28,LJ07,4166.75,124.4,158,41.0,1195.81,68.02
2026-04-28,LJ08,5023.87,344.05,235,59.0,1938.29,104.26
2026-04-28,LJ09,4293.14,240.66,175,84.0,1315.67,61.83
2026-04-28,LJ10,5714.77,233.24,215,91.0,1587.05,143.44
2026-04-28,LJ11,3936.81,63.25,237,14.0,965.82,19.77
2026-04-28,LJ12,6362.93,311.03,206,116.0,1877.14,190.34
2026-04-28,LJ13,3846.72,158.25,146,59.0,1085.18,145.12
2026-04-28,LJ14,4619.35,187.65,162,125.0,1236.8,204.58
2026-04-29,LJ01,7711.2,745.5,304,74.0,2343.87,277.2
2026-04-29,LJ02,5695.6,260.56,215,52.0,1554.51,45.66
2026-04-29,LJ03,4262.07,239.59,164,73.0,1233.73,47.9
2026-04-29,LJ04,5658.15,255.75,214,44.0,1583.75,48.63
2026-04-29,LJ05,3678.47,82.43,213,22.0,887.96,14.82
2026-04-29,LJ06,6610.03,256.21,236,93.0,1745.49,62.54
2026-04-29,LJ07,4152.12,136.69,158,0.0,1222.39,65.17
2026-04-29,LJ08,6484.92,319.88,277,57.0,2355.39,136.75
2026-04-29,LJ09,3898.53,233.18,151,82.0,1107.88,80.01
2026-04-29,LJ10,6464.93,270.6,238,89.0,1897.4,218.86
2026-04-29,LJ11,3752.61,70.74,228,15.0,954.94,17.7
2026-04-29,LJ12,5805.81,300.67,201,111.0,1595.0,245.05
2026-04-29,LJ13,3985.7,133.1,158,56.0,1195.5,82.55
2026-04-29,LJ14,4634.56,200.94,164,132.0,1244.26,179.27
2026-04-30,LJ01,7568.42,943.52,287,74.0,2304.43,264.9
2026-04-30,LJ02,6080.27,299.58,224,56.0,1692.15,74.7
2026-04-30,LJ03,5113.47,291.78,209,69.0,1507.55,81.2
2026-04-30,LJ04,5486.34,189.8,218,49.0,1597.62,89.44
2026-04-30,LJ05,3245.2,66.08,187,22.0,862.51,19.33
2026-04-30,LJ06,6628.09,243.26,238,87.0,1808.73,50.22
2026-04-30,LJ07,4491.79,193.06,181,39.0,1212.75,58.62
2026-04-30,LJ08,5221.58,340.61,239,56.0,1882.46,126.96
2026-04-30,LJ09,5056.69,257.34,191,78.0,1440.81,65.61
2026-04-30,LJ10,7030.17,333.79,254,89.0,1981.59,195.15
2026-04-30,LJ11,3274.4,46.65,206,14.0,833.34,14.96
2026-04-30,LJ12,6441.26,363.21,214,113.0,1814.78,254.67
2026-04-30,LJ13,4541.62,142.32,171,52.0,1213.53,160.57
2026-04-30,LJ14,4604.34,262.75,164,127.0,1297.57,193.05
2026-05-01,LJ02,7254.14,314.11,261,60.0,2118.62,102.29
2026-05-01,LJ03,4983.83,229.01,199,73.0,1486.32,81.0
2026-05-01,LJ04,7271.86,231.35,279,50.0,2104.28,123.93
2026-05-01,LJ05,4083.57,67.47,243,22.0,1044.67,26.63
2026-05-01,LJ06,6286.68,330.9,220,88.0,1631.99,40.89
2026-05-01,LJ07,6011.52,252.79,226,48.0,1639.8,69.78
2026-05-01,LJ09,4915.55,272.57,191,80.0,1407.25,59.09
2026-05-01,LJ11,4092.22,88.31,246,16.0,978.06,26.03
2026-05-01,LJ13,4966.97,195.03,188,61.0,1436.74,146.47
2026-05-02,LJ01,7323.53,956.95,272,77.0,2173.61,250.93
2026-05-02,LJ02,9266.34,399.94,324,62.0,2475.01,136.72
2026-05-02,LJ03,4225.43,225.76,168,61.0,1221.54,80.3
2026-05-02,LJ04,8531.58,309.8,318,53.0,2375.52,129.46
2026-05-02,LJ05,2446.6,49.86,141,18.0,637.42,13.77
2026-05-02,LJ06,4520.94,223.7,161,93.0,1253.48,40.68
2026-05-02,LJ07,6730.3,215.93,265,43.0,1907.82,92.01
2026-05-02,LJ08,4659.34,309.14,202,53.0,1669.22,120.89
2026-05-02,LJ09,3191.49,159.65,127,73.0,922.53,41.15
2026-05-02,LJ10,5362.48,197.93,208,89.0,1484.25,129.26
2026-05-02,LJ11,2280.12,43.14,145,12.0,530.22,11.68
2026-05-02,LJ12,5123.19,239.11,181,98.0,1463.09,138.61
2026-05-02,LJ13,5513.04,169.23,215,58.0,1506.44,156.83
2026-05-02,LJ14,3581.59,183.01,131,111.0,1048.53,118.99
2026-05-03,LJ01,3416.71,386.27,130,61.0,971.16,59.44
2026-05-03,LJ02,5956.7,300.34,214,58.0,1694.69,51.17
2026-05-03,LJ03,2213.53,134.13,87,58.0,614.51,41.39
2026-05-03,LJ04,6609.28,274.87,262,48.0,1864.36,61.56
2026-05-03,LJ05,1289.76,30.2,74,16.0,330.33,7.14
2026-05-03,LJ06,3455.14,164.7,114,81.0,939.12,38.68
2026-05-03,LJ07,5491.31,205.0,226,44.0,1436.25,66.97
2026-05-03,LJ08,2995.58,142.5,130,42.0,1040.53,83.1
2026-05-03,LJ09,2224.3,114.61,89,62.0,641.94,45.08
2026-05-03,LJ10,3531.89,188.01,135,69.0,967.42,88.52
2026-05-03,LJ11,1357.84,24.34,82,12.0,323.85,8.94
2026-05-03,LJ12,3371.25,201.14,118,86.0,899.55,115.58
2026-05-03,LJ13,4734.67,182.26,188,54.0,1366.88,168.83
2026-05-03,LJ14,2671.83,164.99,92,94.0,737.91,109.17
2026-05-04,LJ01,9059.07,1221.78,336,82.0,2525.01,263.3
2026-05-04,LJ02,5670.43,233.51,202,55.0,1620.82,43.89
2026-05-04,LJ03,4908.06,276.39,200,67.0,1497.82,103.34
2026-05-04,LJ04,5372.89,203.32,202,50.0,1584.39,59.18
2026-05-04,LJ05,3842.97,89.19,224,20.0,967.01,22.6
2026-05-04,LJ06,5731.21,326.17,200,87.0,1544.93,58.31
2026-05-04,LJ07,4088.93,177.14,168,39.0,1187.54,66.06
2026-05-04,LJ08,4879.02,299.27,225,53.0,1713.02,96.15
2026-05-04,LJ09,4002.7,173.71,154,84.0,1227.17,63.27
2026-05-04,LJ10,7327.86,274.77,265,89.0,2118.23,135.22
2026-05-04,LJ11,3563.2,56.03,220,14.0,882.12,14.94
2026-05-04,LJ12,7222.62,406.67,235,112.0,2129.43,243.9
2026-05-04,LJ13,3767.71,142.04,150,53.0,1137.32,82.58
2026-05-04,LJ14,4567.25,229.66,167,120.0,1322.61,134.2
2026-05-05,LJ01,7076.74,762.06,277,74.0,2176.91,208.59
2026-05-05,LJ02,5506.23,223.41,192,54.0,1538.87,50.74
2026-05-05,LJ03,4494.79,225.36,181,71.0,1296.87,89.59
2026-05-05,LJ04,6032.96,239.05,227,49.0,1752.0,99.33
2026-05-05,LJ05,3571.72,77.02,210,20.0,951.67,16.64
2026-05-05,LJ06,5776.62,260.44,197,98.0,1472.57,51.05
2026-05-05,LJ07,4623.28,190.2,185,42.0,1343.15,41.92
2026-05-05,LJ08,6758.56,343.67,289,53.0,2539.15,130.95
2026-05-05,LJ09,4518.15,213.7,168,85.0,1347.49,62.33
2026-05-05,LJ10,7380.12,294.96,281,90.0,2128.3,255.79
2026-05-05,LJ11,3572.76,63.04,225,15.0,881.96,23.95
2026-05-05,LJ12,7124.82,362.48,250,115.0,1987.38,167.29
2026-05-05,LJ13,3560.03,122.38,137,51.0,975.23,116.69
2026-05-05,LJ14,4727.77,249.18,160,121.0,1292.62,126.25
2026-05-06,LJ01,9534.86,1240.84,352,80.0,2852.89,193.42
2026-05-06,LJ02,5816.61,245.23,205,54.0,1666.06,52.36
2026-05-06,LJ03,5325.79,338.79,214,64.0,1544.89,90.37
2026-05-06,LJ04,5515.31,214.06,220,46.0,1636.14,78.82
2026-05-06,LJ05,3335.75,79.5,189,21.0,829.25,14.33
2026-05-06,LJ06,6345.99,255.3,212,92.0,1751.18,78.15
2026-05-06,LJ07,5030.38,187.3,189,42.0,1315.43,42.07
2026-05-06,LJ08,5541.84,305.3,246,52.0,2100.23,149.65
2026-05-06,LJ09,4781.31,280.01,178,83.0,1393.68,55.26
2026-05-06,LJ10,6916.15,344.52,266,92.0,1974.46,250.95
2026-05-06,LJ11,3237.83,53.71,210,14.0,836.15,23.01
2026-05-06,LJ12,7432.06,358.47,244,112.0,2161.99,239.42
2026-05-06,LJ13,4483.4,175.37,173,55.0,1301.68,173.3
2026-05-06,LJ14,5648.98,351.89,200,126.0,1507.9,207.83
2026-05-07,LJ01,7749.96,1050.54,286,78.0,2105.92,212.21
2026-05-07,LJ02,6604.92,307.55,239,60.0,1803.74,49.75
2026-05-07,LJ03,5411.17,247.35,211,63.0,1553.67,63.23
2026-05-07,LJ04,6126.39,198.39,241,48.0,1708.73,83.86
2026-05-07,LJ05,3426.0,66.23,197,22.0,891.3,15.77
2026-05-07,LJ06,6342.22,306.12,223,89.0,1678.81,84.66
2026-05-07,LJ07,5236.25,209.15,204,43.0,1438.09,64.67
2026-05-07,LJ08,6493.23,357.58,278,56.0,2240.27,160.98
2026-05-07,LJ09,5144.93,239.47,194,81.0,1560.5,102.38
2026-05-07,LJ10,7639.84,393.88,272,92.0,2099.45,156.38
2026-05-07,LJ11,3255.83,67.1,206,15.0,851.85,14.86
2026-05-07,LJ12,7137.49,417.39,249,115.0,2020.91,159.72
2026-05-07,LJ13,4013.57,147.13,161,54.0,1211.22,113.33
2026-05-07,LJ14,4551.04,273.25,168,135.0,1280.64,165.52
2026-05-08,LJ01,9364.55,845.44,342,78.0,3038.5,254.32
2026-05-08,LJ02,7787.55,355.26,279,61.0,2249.97,67.73
2026-05-08,LJ03,5089.98,319.3,203,69.0,1514.48,54.33
2026-05-08,LJ04,8931.27,398.4,337,55.0,2546.54,125.85
2026-05-08,LJ05,4112.11,72.05,236,21.0,1058.49,18.4
2026-05-08,LJ06,7843.08,415.82,273,90.0,2204.25,84.22
2026-05-08,LJ07,5577.48,224.73,226,48.0,1583.88,58.57
2026-05-08,LJ08,6357.84,310.63,293,59.0,2413.76,148.12
2026-05-08,LJ09,4935.4,294.96,184,82.0,1457.28,74.11
2026-05-08,LJ10,7101.16,281.46,257,88.0,2077.82,208.71
2026-05-08,LJ11,3505.95,67.21,207,14.0,877.54,24.8
2026-05-08,LJ12,7744.79,337.51,273,120.0,2102.93,258.77
2026-05-08,LJ13,4954.96,183.94,191,63.0,1364.86,159.27
2026-05-08,LJ14,5813.79,322.72,214,126.0,1684.39,160.72
2026-05-09,LJ01,6418.4,781.93,249,74.0,1822.38,107.55
2026-05-09,LJ02,8901.83,425.6,324,64.0,2602.53,124.52
2026-05-09,LJ03,3391.45,223.84,140,62.0,906.6,56.03
2026-05-09,LJ04,9321.48,410.44,359,58.0,2641.63,154.85
2026-05-09,LJ05,2447.37,40.84,147,20.0,595.37,14.31
2026-05-09,LJ06,5919.9,272.72,199,90.0,1697.6,62.19
2026-05-09,LJ07,7676.32,289.73,306,43.0,2119.3,81.26
2026-05-09,LJ08,4758.65,240.26,212,50.0,1687.5,110.69
2026-05-09,LJ09,3870.19,230.62,152,80.0,1088.86,50.7
2026-05-09,LJ10,6196.51,269.7,233,79.0,1822.67,137.59
2026-05-09,LJ11,2313.6,36.6,138,13.0,552.72,10.55
2026-05-09,LJ12,4863.28,253.66,172,105.0,1477.3,175.5
2026-05-09,LJ13,5489.22,175.29,208,61.0,1646.18,168.57
2026-05-09,LJ14,4253.62,252.26,147,123.0,1114.92,131.15
2026-05-10,LJ01,4087.14,407.93,159,66.0,1204.93,78.14
2026-05-10,LJ02,7733.7,284.58,269,61.0,2002.07,57.68
2026-05-10,LJ03,2556.57,142.87,100,55.0,708.06,42.37
2026-05-10,LJ04,7077.57,319.09,264,51.0,2004.88,110.7
2026-05-10,LJ05,1106.12,24.75,68,15.0,263.38,6.55
2026-05-10,LJ06,3573.05,162.77,120,79.0,995.78,43.21
2026-05-10,LJ07,5491.03,159.42,223,41.0,1469.95,73.66
2026-05-10,LJ08,2451.88,155.53,113,43.0,889.68,61.36
2026-05-10,LJ09,1931.69,91.84,73,65.0,610.42,40.68
2026-05-10,LJ10,3641.85,172.47,129,76.0,1002.78,67.92
2026-05-10,LJ11,1118.09,23.45,72,11.0,290.95,5.63
2026-05-10,LJ12,3223.64,163.51,108,93.0,951.99,123.81
2026-05-10,LJ13,4712.38,185.89,177,61.0,1373.49,108.69
2026-05-10,LJ14,2143.18,94.67,76,96.0,619.63,84.53
2026-05-11,LJ01,8149.2,1029.97,305,71.0,2360.58,211.9
2026-05-11,LJ02,5633.6,248.65,210,51.0,1658.34,66.58
2026-05-11,LJ03,4371.76,201.13,181,63.0,1351.84,69.16
2026-05-11,LJ04,6211.8,279.05,239,49.0,1631.8,88.26
2026-05-11,LJ05,3671.7,84.67,216,20.0,912.81,17.03
2026-05-11,LJ06,6370.78,293.74,218,94.0,1832.08,77.46
2026-05-11,LJ07,4202.07,142.42,165,40.0,1115.02,33.01
2026-05-11,LJ08,5393.13,308.91,231,52.0,1906.04,108.52
2026-05-11,LJ09,5001.31,284.81,185,75.0,1546.42,103.13
2026-05-11,LJ10,7022.85,277.84,249,86.0,2138.78,160.69
2026-05-11,LJ11,3219.32,64.85,206,16.0,748.81,19.19
2026-05-11,LJ12,6748.78,282.08,239,100.0,2040.65,220.79
2026-05-11,LJ13,4262.91,156.9,163,52.0,1258.81,126.47
2026-05-11,LJ14,4978.16,265.79,179,127.0,1480.16,132.69
2026-05-12,LJ01,8940.54,1109.52,340,75.0,2752.93,207.45
2026-05-12,LJ02,5714.24,284.97,206,53.0,1509.45,75.96
2026-05-12,LJ03,4991.22,327.44,192,65.0,1471.73,63.19
2026-05-12,LJ04,5816.12,234.06,229,45.0,1556.12,66.75
2026-05-12,LJ05,3367.83,67.23,207,21.0,831.34,14.79
2026-05-12,LJ06,6040.91,276.36,218,91.0,1623.74,53.59
2026-05-12,LJ07,4444.28,157.66,178,44.0,1282.32,58.95
2026-05-12,LJ08,5848.24,337.54,268,59.0,2172.37,88.52
2026-05-12,LJ09,4410.23,202.57,175,79.0,1372.8,59.61
2026-05-12,LJ10,6029.79,225.55,234,89.0,1823.09,227.65
2026-05-12,LJ11,3737.59,59.85,240,15.0,882.78,18.67
2026-05-12,LJ12,7765.72,399.89,261,108.0,2359.71,345.92
2026-05-12,LJ13,3706.17,143.15,144,54.0,1052.41,139.25
2026-05-12,LJ14,5233.54,323.65,188,128.0,1430.33,186.82
2026-05-13,LJ01,7985.94,740.03,298,72.0,2356.48,158.48
2026-05-13,LJ02,5586.42,273.92,205,60.0,1567.34,60.48
2026-05-13,LJ03,5300.77,230.04,203,69.0,1627.09,71.83
2026-05-13,LJ04,5473.64,172.14,215,47.0,1579.16,73.49
2026-05-13,LJ05,3386.56,76.97,193,22.0,889.68,20.28
2026-05-13,LJ06,5944.39,255.21,208,92.0,1715.25,69.32
2026-05-13,LJ07,5067.88,156.53,193,38.0,1473.77,85.74
2026-05-13,LJ08,5980.64,302.58,272,54.0,2077.61,146.27
2026-05-13,LJ09,4402.47,248.54,175,78.0,1259.52,67.41
2026-05-13,LJ10,6626.27,335.83,254,93.0,1839.84,127.63
2026-05-13,LJ11,3396.66,50.56,209,16.0,831.07,22.07
2026-05-13,LJ12,6562.67,369.63,215,109.0,1766.16,147.58
2026-05-13,LJ13,4782.49,195.02,181,55.0,1345.09,159.67
2026-05-13,LJ14,4513.99,238.92,165,117.0,1336.16,153.69
2026-05-14,LJ01,8039.4,1014.61,299,73.0,2305.98,208.46
2026-05-14,LJ02,5950.3,222.42,213,60.0,1655.99,65.58
2026-05-14,LJ03,4908.25,325.62,200,72.0,1373.71,67.63
2026-05-14,LJ03,4908.25,325.62,200,72.0,1373.71,67.63
2026-05-14,LJ04,7172.24,226.41,270,50.0,1940.81,58.28
2026-05-14,LJ05,3727.24,89.05,226,22.0,921.89,21.44
2026-05-14,LJ06,6720.59,336.02,227,95.0,1785.36,57.08
2026-05-14,LJ07,4638.05,180.08,185,40.0,1300.11,53.56
2026-05-14,LJ08,6175.18,293.82,286,58.0,2284.68,132.93
2026-05-14,LJ09,4933.91,212.39,197,87.0,1392.91,63.32
2026-05-14,LJ10,7709.76,310.29,287,97.0,2247.99,287.86
2026-05-14,LJ11,4000.13,71.11,248,16.0,1047.62,15.0
2026-05-14,LJ12,6343.83,253.04,224,105.0,1739.79,160.83
2026-05-14,LJ13,4651.53,136.01,174,60.0,1245.2,119.95
2026-05-14,LJ14,5569.43,241.59,203,121.0,1589.93,160.44
2026-05-15,LJ01,8312.52,977.14,323,73.0,2369.83,195.04
2026-05-15,LJ02,7400.17,319.65,264,63.0,2121.15,67.62
2026-05-15,LJ03,5138.69,282.59,213,67.0,1422.79,58.79
2026-05-15,LJ04,7576.69,224.9,303,49.0,2024.99,71.52
2026-05-15,LJ05,3679.79,82.65,228,21.0,910.97,23.0
2026-05-15,LJ06,7234.06,292.83,247,99.0,2024.23,52.54
2026-05-15,LJ07,6823.65,276.22,272,47.0,1806.48,85.2
2026-05-15,LJ08,6233.92,411.7,283,55.0,2189.49,122.08
2026-05-15,LJ09,5444.9,315.95,206,87.0,1549.15,115.68
2026-05-15,LJ10,8729.49,306.02,315,85.0,2605.34,192.31
2026-05-15,LJ11,4142.31,59.58,263,16.0,1044.6,17.88
2026-05-15,LJ12,8066.48,380.99,277,112.0,2474.65,387.3
2026-05-15,LJ13,4765.5,197.27,191,62.0,1387.16,130.65
2026-05-15,LJ14,5130.78,301.4,185,131.0,1412.28,114.01
2026-05-16,LJ01,7570.42,924.7,285,68.0,2236.81,153.53
2026-05-16,LJ02,8802.0,409.74,330,60.0,2292.79,122.01
2026-05-16,LJ03,3784.33,247.61,147,59.0,1038.27,42.36
2026-05-16,LJ04,9782.85,309.95,365,50.0,2877.83,97.54
2026-05-16,LJ05,2328.62,53.5,134,20.0,619.59,14.62
2026-05-16,LJ06,5847.39,305.13,197,87.0,1487.31,68.71
2026-05-16,LJ07,6422.49,203.34,245,48.0,1904.13,92.45
2026-05-16,LJ08,4461.59,225.08,209,52.0,1645.32,134.81
2026-05-16,LJ09,3276.43,181.34,130,76.0,996.1,43.5
2026-05-16,LJ10,5322.78,274.26,198,84.0,1610.66,138.65
2026-05-16,LJ11,2347.45,41.86,149,13.0,591.55,12.77
2026-05-16,LJ12,5317.98,234.76,177,106.0,1644.03,257.46
2026-05-16,LJ13,5946.93,211.37,223,67.0,1765.7,211.82
2026-05-16,LJ14,3659.04,207.81,133,113.0,1052.76,155.16
2026-05-17,LJ01,3594.61,322.72,132,60.0,1107.82,106.49
2026-05-17,LJ02,6145.67,206.49,217,62.0,1688.21,90.62
2026-05-17,LJ03,2428.19,145.13,99,54.0,747.29,31.12
2026-05-17,LJ04,6736.76,240.94,270,47.0,1873.26,99.41
2026-05-17,LJ05,1151.46,25.83,67,16.0,286.95,6.59
2026-05-17,LJ06,3276.89,181.04,115,79.0,813.79,33.85
2026-05-17,LJ07,4834.92,197.78,192,44.0,1395.61,48.48
2026-05-17,LJ08,2543.32,117.22,110,43.0,889.75,62.8
2026-05-17,LJ09,2408.1,140.39,93,63.0,754.2,51.75
2026-05-17,LJ10,2847.15,105.04,110,71.0,822.79,98.38
2026-05-17,LJ11,1241.19,27.16,77,11.0,323.7,7.51
2026-05-17,LJ12,3646.89,192.62,122,86.0,1114.09,114.5
2026-05-17,LJ13,4507.84,171.11,175,57.0,1214.57,130.66
2026-05-17,LJ14,2748.8,140.37,99,96.0,794.83,113.45
2026-05-18,LJ01,7333.7,678.25,280,73.0,2106.06,158.35
2026-05-18,LJ02,6011.7,288.66,222,52.0,1574.44,57.14
2026-05-18,LJ03,4471.93,296.01,176,71.0,1362.94,62.68
2026-05-18,LJ04,5955.41,230.71,238,50.0,1707.17,95.38
2026-05-18,LJ05,3484.49,72.19,208,21.0,837.35,19.13
2026-05-18,LJ06,6900.53,279.86,237,86.0,1773.2,76.45
2026-05-18,LJ07,4803.1,152.85,195,38.0,1292.18,43.22
2026-05-18,LJ08,5948.68,375.53,268,53.0,2064.11,93.8
2026-05-18,LJ09,4073.27,226.65,166,74.0,1244.3,46.92
2026-05-18,LJ10,7769.84,290.32,284,84.0,2218.66,170.06
2026-05-18,LJ11,4207.29,73.65,251,15.0,1002.59,25.14
2026-05-18,LJ12,6931.5,271.86,227,109.0,2034.99,283.76
2026-05-18,LJ13,4488.06,170.26,173,54.0,1219.29,114.95
2026-05-18,LJ14,4993.3,309.01,181,130.0,1322.68,212.37
2026-05-19,LJ01,8272.83,910.7,313,76.0,2306.07,160.33
2026-05-19,LJ02,5371.07,230.91,192,56.0,1566.52,78.04
2026-05-19,LJ03,4590.7,235.14,185,70.0,1339.74,76.62
2026-05-19,LJ04,5419.5,178.61,204,44.0,1595.1,57.39
2026-05-19,LJ05,2955.46,69.7,182,21.0,706.47,12.28
2026-05-19,LJ06,7235.09,351.2,241,92.0,1864.07,92.3
2026-05-19,LJ07,4979.5,150.7,203,41.0,1363.67,51.53
2026-05-19,LJ08,5783.46,283.5,249,51.0,2102.96,115.32
2026-05-19,LJ09,4963.47,209.1,184,78.0,1420.02,101.99
2026-05-19,LJ10,7813.0,293.53,282,94.0,2185.29,150.86
2026-05-19,LJ11,3960.75,65.11,237,16.0,989.69,26.64
2026-05-19,LJ12,7374.43,415.93,262,0.0,2109.52,177.84
2026-05-19,LJ13,3971.96,115.21,147,56.0,1113.35,101.64
2026-05-19,LJ14,4882.83,209.91,175,128.0,1319.73,153.11
2026-05-20,LJ01,9492.74,1007.66,363,72.0,2920.07,215.1
2026-05-20,LJ02,6657.75,279.28,234,55.0,1948.1,61.41
2026-05-20,LJ03,5062.08,279.94,197,72.0,1545.36,56.79
2026-05-20,LJ04,6876.34,278.44,252,50.0,1897.82,96.9
2026-05-20,LJ05,3670.45,61.89,211,21.0,962.84,15.36
2026-05-20,LJ06,6624.84,272.76,224,87.0,1795.34,55.24
2026-05-20,LJ07,4343.23,130.76,168,43.0,1278.2,39.8
2026-05-20,LJ08,5432.62,267.46,255,54.0,2115.13,131.42
2026-05-20,LJ09,4691.41,238.31,191,84.0,1328.49,96.01
2026-05-20,LJ10,6385.27,266.38,241,95.0,1836.06,175.84
2026-05-20,LJ11,3250.44,62.2,207,14.0,831.95,18.99
2026-05-20,LJ12,7440.37,343.01,260,115.0,2205.57,344.71
2026-05-20,LJ13,4364.27,138.65,176,57.0,1167.42,139.17
2026-05-20,LJ14,6234.16,266.25,210,133.0,1855.44,279.25
2026-05-21,LJ01,8502.18,940.57,309,76.0,2556.76,187.51
2026-05-21,LJ02,7189.45,295.67,251,54.0,1937.94,51.81
2026-05-21,LJ03,4634.74,215.87,192,63.0,1360.03,59.16
2026-05-21,LJ04,6358.59,211.25,245,47.0,1702.16,50.45
2026-05-21,LJ05,3833.53,75.2,228,22.0,988.78,18.08
2026-05-21,LJ06,7503.24,342.49,258,94.0,2042.42,84.16
2026-05-21,LJ07,5461.19,161.15,221,40.0,1600.3,85.19
2026-05-21,LJ08,6029.01,424.7,275,55.0,2196.84,107.46
2026-05-21,LJ09,4576.16,229.39,176,78.0,1367.95,103.67
2026-05-21,LJ10,7758.06,301.08,296,96.0,2326.85,190.43
2026-05-21,LJ11,3689.86,79.19,233,15.0,846.67,19.79
2026-05-21,LJ12,6860.45,309.83,223,103.0,2021.4,177.89
2026-05-21,LJ13,5410.68,163.48,201,55.0,1625.85,187.72
2026-05-21,LJ14,6480.56,403.57,221,126.0,1774.7,205.48
2026-05-22,LJ01,8379.15,1042.93,326,80.0,2580.95,235.82
2026-05-22,LJ02,7773.45,381.7,276,66.0,2188.51,100.95
2026-05-22,LJ03,4860.09,221.85,201,68.0,1440.9,90.92
2026-05-22,LJ04,7650.52,338.84,304,51.0,2271.05,99.33
2026-05-22,LJ05,3313.13,78.79,194,21.0,780.85,12.02
2026-05-22,LJ06,7810.33,318.03,264,101.0,2214.73,74.95
2026-05-22,LJ07,6340.77,261.23,253,42.0,1684.47,49.98
2026-05-22,LJ08,5660.39,389.99,265,60.0,1969.11,130.72
2026-05-22,LJ09,4519.52,217.95,183,85.0,1336.17,51.52
2026-05-22,LJ10,8460.68,374.66,303,93.0,2307.85,197.84
2026-05-22,LJ11,3891.03,80.73,250,16.0,965.86,24.29
2026-05-22,LJ12,8692.89,501.89,281,108.0,2335.38,266.87
2026-05-22,LJ13,5929.74,219.3,229,59.0,1742.46,146.75
2026-05-22,LJ14,5134.41,292.28,187,122.0,1376.09,182.62
2026-05-23,LJ01,7015.64,747.23,268,76.0,2131.27,198.69
2026-05-23,LJ02,9351.72,454.12,327,63.0,2680.14,127.12
2026-05-23,LJ03,4329.36,268.82,165,61.0,1239.26,54.52
2026-05-23,LJ04,9008.13,277.11,348,51.0,2730.01,109.97
2026-05-23,LJ05,2115.09,45.55,126,18.0,525.92,12.53
2026-05-23,LJ06,5693.14,273.45,198,92.0,1531.57,77.71
2026-05-23,LJ07,7790.13,329.69,306,48.0,2284.76,121.92
2026-05-23,LJ08,4669.23,327.42,210,53.0,1698.23,118.46
2026-05-23,LJ09,3389.06,141.55,132,80.0,1057.78,67.14
2026-05-23,LJ10,6423.84,317.22,226,81.0,1791.68,114.53
2026-05-23,LJ11,2371.64,45.53,144,13.0,582.89,16.23
2026-05-23,LJ12,6562.36,292.28,218,107.0,1953.5,234.62
2026-05-23,LJ13,5364.41,219.7,217,66.0,1469.27,165.87
2026-05-23,LJ14,4279.86,228.46,155,111.0,1155.69,141.82
2026-05-24,LJ01,4367.07,561.57,158,68.0,1310.11,146.85
2026-05-24,LJ02,6572.8,220.42,241,54.0,1911.98,96.14
2026-05-24,LJ03,1998.24,95.31,80,50.0,608.98,34.62
2026-05-24,LJ04,6999.1,225.83,278,50.0,2024.89,101.9
2026-05-24,LJ05,1124.73,24.75,68,17.0,282.83,6.39
2026-05-24,LJ06,2855.44,140.02,99,79.0,767.56,28.81
2026-05-24,LJ07,4786.28,163.74,186,41.0,1302.84,48.33
2026-05-24,LJ08,2529.53,177.23,109,41.0,943.51,67.59
2026-05-24,LJ09,2366.36,107.79,92,69.0,713.27,47.79
2026-05-24,LJ10,3357.76,117.31,119,71.0,957.99,89.02
2026-05-24,LJ11,1179.01,21.41,71,10.0,284.18,4.12
2026-05-24,LJ12,3028.18,119.06,102,90.0,877.07,114.03
2026-05-24,LJ13,4512.05,135.07,166,62.0,1275.7,164.57
2026-05-24,LJ14,2839.76,172.79,103,100.0,795.66,84.57
2026-05-25,LJ01,8153.56,742.6,307,77.0,2383.98,245.63
2026-05-25,LJ02,6188.6,243.52,229,58.0,1707.33,64.94
2026-05-25,LJ03,5141.47,236.36,203,70.0,1572.96,97.19
2026-05-25,LJ04,5427.17,214.91,201,45.0,1576.02,73.9
2026-05-25,LJ05,3829.77,90.01,231,23.0,965.5,15.52
2026-05-25,LJ06,6487.21,300.26,217,86.0,1778.16,85.24
2026-05-25,LJ07,4682.74,148.59,181,40.0,1344.63,68.38
2026-05-25,LJ08,6202.43,414.47,270,56.0,2323.98,110.14
2026-05-25,LJ09,4136.94,204.46,159,85.0,1196.28,90.7
2026-05-25,LJ10,6121.15,277.67,229,86.0,1766.54,112.19
2026-05-25,LJ11,3691.67,80.39,223,14.0,890.94,13.07
2026-05-25,LJ12,7204.23,291.37,247,108.0,2228.04,312.41
2026-05-25,LJ13,4039.22,155.82,155,57.0,1107.81,112.31
2026-05-25,LJ14,4885.67,265.2,165,125.0,1317.55,121.49
2026-05-26,LJ01,8278.91,1033.12,300,75.0,2441.97,170.03
2026-05-26,LJ02,5419.66,232.91,205,56.0,1525.83,80.16
2026-05-26,LJ03,4187.34,231.57,168,71.0,1222.52,81.97
2026-05-26,LJ04,6025.81,201.24,237,47.0,1720.09,84.05
2026-05-26,LJ05,3887.66,76.72,221,22.0,998.85,24.33
2026-05-26,LJ06,5971.8,285.33,216,86.0,1570.53,43.36
2026-05-26,LJ07,4245.0,150.9,170,41.0,1227.41,37.5
2026-05-26,LJ08,5188.38,339.51,231,57.0,1816.75,132.04
2026-05-26,LJ09,4348.33,261.42,163,77.0,1232.65,91.04
2026-05-26,LJ10,6871.81,291.74,263,95.0,1885.5,134.32
2026-05-26,LJ11,4162.85,73.14,248,15.0,1067.34,15.38
2026-05-26,LJ12,6636.41,349.63,225,110.0,1786.1,248.97
2026-05-26,LJ13,5030.49,176.28,185,52.0,1490.11,111.0
2026-05-26,LJ14,5591.26,333.84,198,131.0,1552.01,186.94
2026-05-27,LJ01,9500.77,1244.9,352,73.0,2744.3,307.22
2026-05-27,LJ02,6330.56,214.47,218,52.0,1849.86,57.08
2026-05-27,LJ03,4546.87,236.31,181,66.0,1379.95,70.17
2026-05-27,LJ04,5580.38,173.45,220,45.0,1602.53,81.19
2026-05-27,LJ05,3426.33,87.45,206,20.0,898.1,21.02
2026-05-27,LJ06,6692.47,251.7,228,99.0,1843.23,77.83
2026-05-27,LJ07,4903.8,213.22,187,39.0,1362.09,57.66
2026-05-27,LJ08,6298.49,335.24,294,54.0,2265.62,113.2
2026-05-27,LJ09,5000.29,266.1,192,83.0,1517.34,58.0
2026-05-27,LJ10,6520.53,276.91,235,90.0,1782.63,144.94
2026-05-27,LJ11,3297.85,59.17,207,15.0,812.07,18.95
2026-05-27,LJ12,8661.62,456.78,281,107.0,2413.93,188.72
2026-05-27,LJ13,3855.31,159.73,151,54.0,1068.0,118.45
2026-05-27,LJ14,5280.04,264.55,184,132.0,1525.1,143.59
2026-05-28,LJ01,7703.99,943.82,288,84.0,2419.48,253.03
2026-05-28,LJ02,7078.15,355.61,248,53.0,1875.7,63.84
2026-05-28,LJ03,4973.65,257.17,198,66.0,1476.11,92.04
2026-05-28,LJ04,7332.96,248.1,273,47.0,2094.14,90.69
2026-05-28,LJ05,3342.35,64.95,207,22.0,792.35,15.71
2026-05-28,LJ06,6701.96,260.3,235,93.0,1935.06,86.84
2026-05-28,LJ07,5567.78,214.94,229,40.0,1580.0,50.67
2026-05-28,LJ08,5983.35,314.17,262,57.0,2070.07,147.03
2026-05-28,LJ09,4395.79,211.22,174,85.0,1222.34,66.07
2026-05-28,LJ10,7090.42,322.41,274,94.0,2037.67,141.52
2026-05-28,LJ11,3941.81,58.25,236,16.0,934.81,14.79
2026-05-28,LJ12,6951.12,325.94,233,103.0,2081.92,208.86
2026-05-28,LJ13,4239.66,176.22,162,60.0,1278.39,127.81
2026-05-28,LJ14,5747.74,321.9,210,125.0,1552.61,131.35
2026-05-29,LJ01,8383.39,1115.52,327,84.0,2505.39,158.13
2026-05-29,LJ02,9097.3,305.84,323,64.0,2625.98,110.63
2026-05-29,LJ03,4874.15,247.05,192,70.0,1342.89,54.74
2026-05-29,LJ04,8110.47,353.72,305,53.0,2149.91,72.49
2026-05-29,LJ05,3464.89,62.79,200,21.0,838.73,18.22
2026-05-29,LJ06,6397.6,257.88,226,97.0,1774.8,85.63
2026-05-29,LJ07,7148.25,258.14,279,43.0,2124.56,106.13
2026-05-29,LJ08,5814.7,283.25,263,57.0,2260.05,124.43
2026-05-29,LJ09,4541.84,266.12,172,78.0,1306.58,70.21
2026-05-29,LJ10,8366.01,393.92,307,85.0,2537.06,215.13
2026-05-29,LJ11,3661.35,76.42,225,15.0,948.43,25.76
2026-05-29,LJ12,7883.95,409.8,256,115.0,2397.83,243.64
2026-05-29,LJ13,5851.63,232.88,228,61.0,1607.88,175.63
2026-05-29,LJ14,7030.45,428.23,238,125.0,1907.47,217.89
2026-05-30,LJ01,7763.29,1002.08,280,70.0,2320.09,238.06
2026-05-30,LJ02,8695.0,422.63,322,64.0,2474.92,79.78
2026-05-30,LJ03,4385.35,240.31,171,63.0,1205.51,75.62
2026-05-30,LJ04,8266.76,315.51,321,55.0,2425.69,98.92
2026-05-30,LJ05,2256.11,49.14,139,17.0,538.35,11.63
2026-05-30,LJ06,5368.76,257.26,194,90.0,1396.43,47.44
2026-05-30,LJ07,7536.61,327.96,305,45.0,2127.75,61.02
2026-05-30,LJ08,3871.46,221.83,180,53.0,1337.96,59.97
2026-05-30,LJ09,3814.06,161.53,152,72.0,1071.47,41.05
2026-05-30,LJ10,5877.82,279.92,227,86.0,1604.06,161.28
2026-05-30,LJ11,2559.54,38.01,163,14.0,634.93,13.98
2026-05-30,LJ12,5254.03,260.85,186,102.0,1571.74,244.92
2026-05-30,LJ13,6785.23,202.04,255,64.0,1943.1,156.98
2026-05-30,LJ14,4005.24,219.56,145,109.0,1101.68,175.44
2026-05-31,LJ01,3714.66,370.9,142,59.0,1130.22,112.52
2026-05-31,LJ02,7544.87,286.75,272,61.0,2001.5,103.23
2026-05-31,LJ03,2245.84,129.76,93,51.0,649.4,39.95
2026-05-31,LJ04,6323.36,244.76,251,48.0,1719.21,57.84
2026-05-31,LJ05,1227.23,27.51,76,15.0,312.39,5.03
2026-05-31,LJ06,3192.29,169.27,113,72.0,814.05,36.82
2026-05-31,LJ07,5192.1,183.3,214,44.0,1537.42,71.95
2026-05-31,LJ08,2979.8,140.25,131,47.0,1117.04,66.7
2026-05-31,LJ09,2025.56,125.33,79,63.0,616.89,29.86
2026-05-31,LJ10,3796.59,172.06,138,78.0,1124.78,110.39
2026-05-31,LJ11,1305.04,22.34,77,11.0,331.23,8.75
2026-05-31,LJ12,3238.38,177.2,110,87.0,946.49,125.28
2026-05-31,LJ13,5612.42,190.46,209,60.0,1711.21,173.51
2026-05-31,LJ14,2568.61,145.87,95,98.0,699.3,66.26
2026-06-01,LJ01,8992.75,1029.4,349,71.0,2854.44,195.91
2026-06-01,LJ02,4853.54,219.03,183,53.0,1345.23,59.99
2026-06-01,LJ03,4318.25,281.68,169,66.0,1197.72,68.86
2026-06-01,LJ04,6472.15,245.98,244,47.0,1813.89,74.47
2026-06-01,LJ05,3268.02,65.77,198,20.0,878.77,15.24
2026-06-01,LJ06,6497.79,320.74,221,98.0,1622.7,58.83
2026-06-01,LJ07,4949.23,148.66,204,38.0,1379.76,64.4
2026-06-01,LJ08,6770.68,418.61,294,53.0,2470.17,164.47
2026-06-01,LJ09,4211.25,188.6,158,77.0,1217.71,64.92
2026-06-01,LJ10,7179.79,280.85,260,84.0,2092.74,246.9
2026-06-01,LJ11,4221.28,88.38,254,14.0,977.22,19.21
2026-06-01,LJ12,8030.54,411.49,284,112.0,2415.68,323.62
2026-06-01,LJ13,4261.43,155.37,157,54.0,1258.07,111.02
2026-06-01,LJ14,5758.37,333.95,207,126.0,1599.14,214.16
2026-06-02,LJ01,8407.23,1086.53,309,77.0,2598.72,228.3
2026-06-02,LJ02,4948.07,169.88,187,55.0,1304.68,65.99
2026-06-02,LJ03,5199.85,301.51,199,65.0,1470.4,78.6
2026-06-02,LJ04,5918.48,207.1,224,47.0,1603.34,89.8
2026-06-02,LJ05,3772.92,88.87,213,22.0,1010.82,22.11
2026-06-02,LJ06,7754.3,301.33,258,89.0,2150.09,75.84
2026-06-02,LJ07,4899.93,195.96,202,43.0,1378.06,39.53
2026-06-02,LJ08,6239.44,356.93,278,52.0,2195.37,117.73
2026-06-02,LJ09,4787.65,267.16,178,75.0,1466.42,72.4
2026-06-02,LJ10,7021.6,306.91,256,91.0,2101.84,177.31
2026-06-02,LJ11,3979.51,77.18,256,15.0,1032.04,23.91
2026-06-02,LJ12,7892.49,305.12,262,110.0,2146.52,212.8
2026-06-02,LJ13,4732.77,166.54,178,54.0,1312.65,179.73
2026-06-02,LJ14,5523.03,342.2,199,118.0,1553.06,177.71
2026-06-03,LJ01,9182.32,899.08,364,83.0,2753.0,308.93
2026-06-03,LJ02,6191.26,214.67,226,53.0,1823.49,51.19
2026-06-03,LJ03,5515.93,362.9,230,65.0,1509.29,70.65
2026-06-03,LJ04,5940.24,271.39,217,47.0,1688.47,56.46
2026-06-03,LJ05,3339.14,55.92,196,22.0,909.83,13.51
2026-06-03,LJ06,7352.49,379.84,263,92.0,2014.9,97.03
2026-06-03,LJ07,4742.17,203.5,181,43.0,1350.98,74.64
2026-06-03,LJ08,5649.35,383.54,249,52.0,2077.41,169.77
2026-06-03,LJ09,4404.39,231.11,171,84.0,1355.31,87.51
2026-06-03,LJ10,8246.54,425.55,313,83.0,2204.75,229.18
2026-06-03,LJ11,4336.42,70.03,255,16.0,1043.68,18.69
2026-06-03,LJ12,7383.93,424.73,254,102.0,2102.48,262.58
2026-06-03,LJ13,5023.37,184.86,195,53.0,1431.38,192.14
2026-06-03,LJ14,6764.99,395.43,228,128.0,1905.14,176.38
2026-06-04,LJ01,9751.87,1030.94,385,84.0,3031.99,306.82
2026-06-04,LJ02,6868.39,303.02,237,60.0,1836.13,56.83
2026-06-04,LJ04,7481.83,305.52,291,52.0,2012.07,122.09
2026-06-04,LJ05,3924.54,79.64,223,22.0,952.23,12.08
2026-06-04,LJ07,5128.93,204.66,206,41.0,1377.19,66.61
2026-06-04,LJ09,4362.7,212.83,167,82.0,1276.18,64.9
2026-06-04,LJ10,7360.21,351.4,282,86.0,2167.0,197.25
2026-06-04,LJ11,3930.88,78.71,245,15.0,1003.27,17.98
2026-06-04,LJ13,4827.77,194.16,189,54.0,1362.73,191.04
2026-06-05,LJ01,8839.86,958.12,331,80.0,2713.46,288.33
2026-06-05,LJ02,8154.29,342.17,304,63.0,2361.65,74.52
2026-06-05,LJ03,4674.17,239.91,195,69.0,1441.74,76.62
2026-06-05,LJ04,8067.59,358.64,314,49.0,2214.86,78.71
2026-06-05,LJ05,3405.6,78.9,208,22.0,871.52,17.37
2026-06-05,LJ06,6508.66,293.05,237,99.0,1763.39,76.01
2026-06-05,LJ07,6879.15,242.67,278,42.0,1975.21,75.68
2026-06-05,LJ08,5988.29,399.67,278,55.0,2054.82,168.76
2026-06-05,LJ09,5412.16,226.34,207,76.0,1622.83,101.22
2026-06-05,LJ10,7814.14,345.27,284,96.0,2087.33,167.33
2026-06-05,LJ11,3958.07,60.04,254,15.0,957.85,24.35
2026-06-05,LJ12,9142.4,481.09,307,116.0,2733.11,392.77
2026-06-05,LJ13,6901.02,239.91,273,61.0,1994.59,229.91
2026-06-05,LJ14,5796.06,301.18,215,127.0,1519.02,200.15
2026-06-06,LJ01,6936.99,906.1,273,67.0,1956.21,135.33
2026-06-06,LJ02,8817.85,294.6,322,62.0,2322.64,64.66
2026-06-06,LJ03,3934.55,183.76,157,67.0,1165.47,54.45
2026-06-06,LJ04,9861.22,301.71,373,55.0,2814.04,144.86
2026-06-06,LJ05,2410.29,45.2,145,17.0,653.24,8.8
2026-06-06,LJ06,5804.78,213.91,198,80.0,1480.86,51.5
2026-06-06,LJ07,8172.88,266.01,317,50.0,2153.77,82.39
2026-06-06,LJ08,4573.12,307.0,199,47.0,1585.08,93.89
2026-06-06,LJ09,3910.34,214.56,149,79.0,1148.56,50.54
2026-06-06,LJ10,6821.28,317.11,241,89.0,1839.31,235.19
2026-06-06,LJ11,2526.68,41.41,162,12.0,610.89,14.19
2026-06-06,LJ12,6567.51,380.29,216,96.0,1889.71,244.28
2026-06-06,LJ13,7602.72,228.9,296,68.0,2289.79,325.88
2026-06-06,LJ14,5375.33,284.06,188,117.0,1483.26,167.13
2026-06-07,LJ01,3743.08,374.3,139,64.0,1133.99,94.54
2026-06-07,LJ02,7968.46,301.12,277,61.0,2177.07,74.57
2026-06-07,LJ03,2581.69,147.0,105,58.0,777.2,47.6
2026-06-07,LJ04,7753.94,307.54,297,52.0,2202.61,131.74
2026-06-07,LJ05,1414.14,34.0,80,16.0,347.28,7.42
2026-06-07,LJ06,2835.36,140.21,100,80.0,736.77,19.8
2026-06-07,LJ07,5845.77,202.51,228,43.0,1596.17,62.79
2026-06-07,LJ08,2568.32,124.06,113,44.0,914.89,49.27
2026-06-07,LJ09,1883.49,94.6,76,66.0,575.4,24.76
2026-06-07,LJ10,4009.05,196.58,145,70.0,1136.36,125.07
2026-06-07,LJ11,1257.89,24.23,74,10.0,317.3,6.57
2026-06-07,LJ12,4400.09,194.21,147,94.0,1261.23,98.31
2026-06-07,LJ13,5415.04,167.79,210,56.0,1529.3,127.32
2026-06-07,LJ14,3247.8,202.9,114,94.0,859.04,103.2
2026-06-08,LJ01,9187.6,1184.56,337,77.0,2494.79,168.49
2026-06-08,LJ02,5985.01,251.66,223,59.0,1574.04,45.87
2026-06-08,LJ03,5302.75,274.95,205,63.0,1584.85,99.75
2026-06-08,LJ04,6602.28,276.08,242,48.0,1921.2,111.39
2026-06-08,LJ05,3746.16,79.36,225,20.0,993.82,22.0
2026-06-08,LJ06,6333.33,328.99,218,87.0,1735.95,77.87
2026-06-08,LJ07,4675.15,144.58,188,42.0,1261.16,65.82
2026-06-08,LJ08,5211.87,346.67,239,57.0,1918.56,117.97
2026-06-08,LJ09,4734.15,212.45,190,84.0,1336.72,91.28
2026-06-08,LJ10,7045.76,252.2,268,83.0,1895.45,143.05
2026-06-08,LJ11,4018.0,78.75,239,16.0,924.54,17.47
2026-06-08,LJ12,8281.67,350.77,281,101.0,2292.05,298.17
2026-06-08,LJ13,4284.81,175.97,171,52.0,1270.42,166.19
2026-06-08,LJ14,5918.99,316.06,203,128.0,1627.24,228.06
2026-06-09,LJ01,8196.62,806.22,317,78.0,2589.31,213.44
2026-06-09,LJ02,5167.39,195.95,194,55.0,1450.69,66.52
2026-06-09,LJ03,4996.85,282.29,194,67.0,1368.4,64.84
2026-06-09,LJ04,6387.56,230.1,241,47.0,1836.65,100.26
2026-06-09,LJ05,4059.64,78.25,229,22.0,1011.47,25.55
2026-06-09,LJ06,6337.81,315.39,214,92.0,1654.02,81.39
2026-06-09,LJ07,4469.22,134.54,169,38.0,1310.97,48.36
2026-06-09,LJ08,5952.59,304.35,269,59.0,2258.41,136.64
2026-06-09,LJ09,4736.64,208.22,180,86.0,1483.0,105.6
2026-06-09,LJ10,7571.12,396.4,284,88.0,2043.8,184.59
2026-06-09,LJ11,4280.0,75.4,272,14.0,1056.14,23.25
2026-06-09,LJ12,8334.77,465.9,272,111.0,2545.63,348.18
2026-06-09,LJ13,4052.58,115.59,157,51.0,1156.79,132.95
2026-06-09,LJ14,6099.83,298.78,220,118.0,1656.56,262.38
2026-06-10,LJ01,8735.9,1021.91,315,75.0,2457.62,291.66
2026-06-10,LJ02,6408.89,213.23,229,0.0,1785.69,85.14
2026-06-10,LJ03,5480.95,246.72,216,63.0,1668.13,79.2
2026-06-10,LJ04,5977.58,251.61,219,45.0,1750.3,51.82
2026-06-10,LJ05,3274.68,75.23,198,21.0,872.34,18.89
2026-06-10,LJ06,7385.21,288.63,246,86.0,1889.1,50.11
2026-06-10,LJ07,4510.63,176.46,181,42.0,1187.75,45.1
2026-06-10,LJ08,6502.28,327.63,288,52.0,2507.91,194.53
2026-06-10,LJ09,5193.89,303.47,211,85.0,1523.7,97.0
2026-06-10,LJ10,7731.3,390.63,289,89.0,2248.53,201.7
2026-06-10,LJ11,3440.53,48.44,212,14.0,833.75,20.81
2026-06-10,LJ12,8158.37,396.96,271,101.0,2325.3,334.59
2026-06-10,LJ13,5563.48,174.48,206,60.0,1585.94,168.51
2026-06-10,LJ14,5940.37,251.64,201,122.0,1779.51,296.87
2026-06-11,LJ01,9732.43,972.7,385,76.0,3043.82,244.43
2026-06-11,LJ02,6123.1,242.51,212,56.0,1610.9,56.25
2026-06-11,LJ03,4860.31,241.68,203,64.0,1398.17,63.31
2026-06-11,LJ04,7318.92,268.71,272,50.0,2007.73,111.73
2026-06-11,LJ05,3651.73,80.91,219,20.0,912.61,18.16
2026-06-11,LJ06,7452.46,287.9,261,95.0,2133.85,65.27
2026-06-11,LJ07,5223.56,173.64,203,41.0,1449.49,46.37
2026-06-11,LJ08,6052.21,395.77,283,59.0,2307.79,122.0
2026-06-11,LJ09,5496.48,278.79,203,81.0,1532.22,93.24
2026-06-11,LJ10,7450.11,328.77,274,97.0,2238.39,198.47
2026-06-11,LJ11,3690.08,55.27,233,15.0,941.33,24.73
2026-06-11,LJ12,9551.18,425.2,329,107.0,2865.67,298.39
2026-06-11,LJ13,4456.52,143.51,176,58.0,1336.43,184.85
2026-06-11,LJ14,7175.81,432.52,253,127.0,2101.9,269.77
2026-06-12,LJ01,8687.39,1087.25,324,74.0,2720.58,295.07
2026-06-12,LJ02,7408.14,364.64,270,62.0,2133.43,96.36
2026-06-12,LJ03,5287.09,238.23,208,65.0,1510.36,86.35
2026-06-12,LJ04,8336.54,317.24,329,49.0,2369.55,82.09
2026-06-12,LJ05,3777.82,90.69,215,21.0,939.4,23.27
2026-06-12,LJ06,8591.71,451.62,284,88.0,2145.43,97.47
2026-06-12,LJ07,6345.11,195.98,238,42.0,1821.64,77.75
2026-06-12,LJ08,7111.32,322.94,303,56.0,2542.07,107.51
2026-06-12,LJ09,5030.3,222.72,197,86.0,1401.89,100.95
2026-06-12,LJ10,7040.19,294.3,267,93.0,2144.87,153.91
2026-06-12,LJ11,4166.15,73.88,263,16.0,1084.69,16.96
2026-06-12,LJ12,8371.85,392.75,280,106.0,2380.6,276.19
2026-06-12,LJ13,6033.13,225.3,236,58.0,1641.37,227.66
2026-06-12,LJ14,6636.92,318.12,246,129.0,1772.09,196.48
2026-06-13,LJ01,7988.64,1033.43,299,76.0,2236.82,187.67
2026-06-13,LJ02,9189.47,428.45,322,60.0,2376.79,66.4
2026-06-13,LJ03,4182.67,275.02,169,63.0,1114.54,57.21
2026-06-13,LJ04,8047.59,293.89,318,54.0,2312.21,123.57
2026-06-13,LJ05,2661.34,52.27,159,18.0,635.28,8.36
2026-06-13,LJ06,5286.82,206.25,191,84.0,1332.77,42.58
2026-06-13,LJ07,7113.31,267.16,278,48.0,2087.3,80.14
2026-06-13,LJ08,5253.21,276.15,246,53.0,1900.44,84.03
2026-06-13,LJ09,3811.22,214.15,155,69.0,1080.59,72.02
2026-06-13,LJ10,5626.77,288.82,217,89.0,1522.34,120.63
2026-06-13,LJ11,2342.17,47.28,141,12.0,579.79,17.22
2026-06-13,LJ12,6159.32,274.6,217,105.0,1668.81,172.62
2026-06-13,LJ13,6381.55,200.74,243,59.0,1713.77,204.72
2026-06-13,LJ14,4880.13,238.15,166,108.0,1346.13,178.62
2026-06-14,LJ01,3782.4,522.83,141,61.0,1135.8,132.63
2026-06-14,LJ02,6727.16,298.28,252,62.0,1805.56,52.77
2026-06-14,LJ03,2703.01,160.75,106,57.0,805.64,34.72
2026-06-14,LJ04,7077.32,244.03,283,45.0,1987.58,62.48
2026-06-14,LJ05,1198.44,30.28,73,16.0,297.23,5.11
2026-06-14,LJ06,3011.93,133.71,100,74.0,776.07,32.63
2026-06-14,LJ07,6204.36,262.22,240,45.0,1781.63,68.05
2026-06-14,LJ08,2701.59,147.96,124,47.0,1049.7,56.0
2026-06-14,LJ09,2275.37,108.96,92,68.0,713.71,35.63
2026-06-14,LJ10,3675.46,180.77,136,78.0,1091.15,72.89
2026-06-14,LJ11,1296.43,27.51,78,11.0,304.57,8.48
2026-06-14,LJ12,3639.91,180.73,129,82.0,1092.58,133.98
2026-06-14,LJ13,6003.08,236.03,227,58.0,1676.91,155.41
2026-06-14,LJ14,3169.92,138.04,108,96.0,874.49,100.87
2026-06-15,LJ01,7861.57,1088.96,287,82.0,2258.64,253.93
2026-06-15,LJ02,6550.97,320.32,225,52.0,1855.5,64.63
2026-06-15,LJ03,4354.46,227.68,170,71.0,1304.89,56.42
2026-06-15,LJ04,5625.54,174.92,207,47.0,1638.6,71.28
2026-06-15,LJ05,3327.73,55.89,206,21.0,869.23,11.91
2026-06-15,LJ06,6324.78,345.3,213,87.0,1620.74,59.1
2026-06-15,LJ07,4714.56,199.9,182,37.0,1244.29,73.44
2026-06-15,LJ08,5585.15,306.79,251,55.0,2078.78,98.77
2026-06-15,LJ09,4261.49,189.84,169,78.0,1184.56,88.1
2026-06-15,LJ10,7351.2,335.9,267,88.0,2212.8,245.43
2026-06-15,LJ11,4458.08,63.12,269,14.0,1032.38,27.46
2026-06-15,LJ12,8458.44,470.43,291,115.0,2423.58,306.16
2026-06-15,LJ13,4550.22,184.36,182,55.0,1219.62,138.65
2026-06-15,LJ14,6473.0,274.76,229,131.0,1895.0,177.72
2026-06-16,LJ01,9284.32,1243.63,363,77.0,2555.43,191.71
2026-06-16,LJ02,6845.88,246.9,240,55.0,1787.27,56.08
2026-06-16,LJ03,4714.33,274.7,184,69.0,1296.7,83.47
2026-06-16,LJ04,5795.88,201.59,211,48.0,1591.16,53.57
2026-06-16,LJ05,3734.16,85.31,223,22.0,917.28,23.17
2026-06-16,LJ06,7446.11,383.9,248,99.0,2125.61,84.67
2026-06-16,LJ07,4107.55,170.66,169,40.0,1140.54,62.72
2026-06-16,LJ08,5269.47,354.37,247,57.0,1799.7,89.96
2026-06-16,LJ09,5173.54,302.28,196,82.0,1533.05,116.83
2026-06-16,LJ10,7213.28,382.4,274,88.0,2063.26,202.95
2026-06-16,LJ11,4382.4,75.03,261,15.0,1151.72,24.89
2026-06-16,LJ12,9515.51,459.56,319,109.0,2830.66,229.14
2026-06-16,LJ13,5350.04,175.19,197,54.0,1524.1,165.4
2026-06-16,LJ14,6276.84,326.91,225,120.0,1774.86,221.41
2026-06-17,LJ01,9100.01,1165.34,355,80.0,2562.45,243.15
2026-06-17,LJ02,6016.67,225.23,215,52.0,1553.31,50.09
2026-06-17,LJ03,4619.31,258.08,188,70.0,1328.71,86.11
2026-06-17,LJ04,6098.05,264.3,235,50.0,1608.54,86.46
2026-06-17,LJ05,3843.99,67.22,233,21.0,922.66,16.46
2026-06-17,LJ06,7569.06,385.92,262,91.0,2097.42,57.71
2026-06-17,LJ07,5376.56,179.45,209,41.0,1515.21,72.18
2026-06-17,LJ08,6874.05,378.22,297,55.0,2620.32,192.25
2026-06-17,LJ09,4633.33,221.13,174,75.0,1462.45,89.89
2026-06-17,LJ10,7365.35,392.19,273,93.0,2024.51,237.02
2026-06-17,LJ11,3340.35,48.03,214,15.0,858.07,24.82
2026-06-17,LJ12,9396.14,367.47,313,108.0,2909.22,417.67
2026-06-17,LJ13,5641.39,196.61,215,52.0,1612.36,111.52
2026-06-17,LJ14,7662.29,323.9,266,117.0,2230.36,323.48
2026-06-18,LJ01,10440.33,1093.98,380,72.0,2995.61,263.81
2026-06-18,LJ02,5484.5,204.6,207,58.0,1591.68,49.12
2026-06-18,LJ03,4871.29,283.29,196,64.0,1405.35,70.19
2026-06-18,LJ04,7447.67,243.95,277,51.0,2236.73,103.02
2026-06-18,LJ05,3670.51,67.05,216,23.0,985.46,12.7
2026-06-18,LJ06,7488.3,345.46,248,100.0,2024.22,81.66
2026-06-18,LJ07,5037.82,212.91,198,45.0,1456.34,69.92
2026-06-18,LJ08,6012.17,327.25,261,53.0,2147.96,93.65
2026-06-18,LJ09,5571.71,337.03,207,80.0,1745.36,131.96
2026-06-18,LJ10,8886.7,333.26,330,85.0,2649.85,191.88
2026-06-18,LJ11,3793.62,61.74,238,15.0,899.16,21.28
2026-06-18,LJ12,7881.21,392.57,270,108.0,2421.2,313.2
2026-06-18,LJ13,5675.48,227.8,230,56.0,1690.33,181.56
2026-06-18,LJ14,6715.72,309.03,240,133.0,1957.11,229.45
2026-06-19,LJ01,8467.31,787.63,314,73.0,2548.53,289.18
2026-06-19,LJ02,8392.67,404.86,317,61.0,2164.19,85.51
2026-06-19,LJ03,5786.21,255.77,229,68.0,1662.64,102.42
2026-06-19,LJ04,8114.37,374.14,302,49.0,2293.44,134.89
2026-06-19,LJ05,3779.11,90.84,214,21.0,904.77,20.5
2026-06-19,LJ06,7187.12,289.19,244,99.0,1857.36,64.85
2026-06-19,LJ07,5792.61,214.12,239,47.0,1568.92,66.75
2026-06-19,LJ08,5817.12,288.88,271,56.0,2114.52,133.4
2026-06-19,LJ09,4902.49,226.13,197,80.0,1478.79,92.09
2026-06-19,LJ10,8222.94,358.07,311,99.0,2313.71,251.04
2026-06-19,LJ11,4170.48,59.12,246,14.0,996.93,29.15
2026-06-19,LJ12,7924.59,370.36,272,119.0,2191.64,264.51
2026-06-19,LJ13,6041.05,206.95,242,65.0,1773.49,228.31
2026-06-19,LJ14,6570.48,410.45,227,119.0,1730.67,214.41
2026-06-20,LJ01,6650.07,904.25,252,71.0,1855.68,127.69
2026-06-20,LJ02,9811.14,453.34,343,63.0,2869.36,138.82
2026-06-20,LJ03,3865.42,219.68,149,64.0,1146.15,39.86
2026-06-20,LJ04,9294.59,391.43,341,56.0,2744.66,95.86
2026-06-20,LJ05,2322.5,51.16,136,18.0,606.67,15.07
2026-06-20,LJ06,5488.88,250.65,196,88.0,1532.86,76.3
2026-06-20,LJ07,6992.18,302.87,273,46.0,2075.12,62.63
2026-06-20,LJ08,5434.89,372.09,232,52.0,1834.67,125.69
2026-06-20,LJ09,3814.93,219.1,143,72.0,1187.62,71.5
2026-06-20,LJ10,5367.64,199.61,197,89.0,1475.66,106.37
2026-06-20,LJ11,2663.57,43.25,166,12.0,623.43,9.02
2026-06-20,LJ12,6363.13,262.37,208,99.0,1841.64,215.59
2026-06-20,LJ13,7042.02,235.27,281,65.0,2094.69,211.54
2026-06-20,LJ14,5649.17,345.54,204,118.0,1476.96,226.9
2026-06-21,LJ01,4353.68,479.38,157,65.0,1284.8,135.57
2026-06-21,LJ02,6330.6,219.8,230,57.0,1792.03,72.97
2026-06-21,LJ03,2700.36,150.67,104,51.0,829.57,28.17
2026-06-21,LJ04,6840.12,271.97,251,48.0,1948.22,98.84
2026-06-21,LJ05,1329.38,24.38,75,15.0,327.34,6.55
2026-06-21,LJ06,3113.79,178.25,108,73.0,852.72,28.33
2026-06-21,LJ07,5942.94,211.28,225,45.0,1687.52,68.01
2026-06-21,LJ08,2917.49,139.25,125,46.0,1135.92,81.76
2026-06-21,LJ09,2121.55,109.77,82,64.0,639.14,39.03
2026-06-21,LJ10,3938.45,155.37,150,70.0,1135.8,86.88
2026-06-21,LJ11,1357.85,24.72,83,12.0,355.85,9.53
2026-06-21,LJ12,4626.5,198.89,151,84.0,1367.47,113.37
2026-06-21,LJ13,5095.23,174.47,193,53.0,1394.75,194.77
2026-06-21,LJ14,3518.83,151.96,123,101.0,1000.71,130.42
2026-06-22,LJ01,8701.06,1016.42,339,71.0,2476.5,194.74
2026-06-22,LJ02,5781.99,253.83,202,57.0,1561.84,74.54
2026-06-22,LJ03,5324.36,276.35,208,70.0,1470.76,56.45
2026-06-22,LJ04,5487.72,200.34,216,44.0,1644.39,86.12
2026-06-22,LJ05,4217.05,88.26,241,21.0,1039.28,20.0
2026-06-22,LJ06,6319.77,289.5,213,86.0,1735.36,51.24
2026-06-22,LJ07,4825.6,148.9,189,38.0,1292.76,51.39
2026-06-22,LJ08,5144.81,240.89,234,55.0,1995.37,96.17
2026-06-22,LJ09,4968.32,257.94,193,82.0,1386.32,53.47
2026-06-22,LJ10,7541.28,322.12,285,86.0,2266.37,154.37
2026-06-22,LJ11,3959.36,60.77,252,16.0,1007.2,22.53
2026-06-22,LJ12,7174.82,317.67,254,103.0,1933.95,273.68
2026-06-22,LJ13,4838.4,160.62,181,52.0,1390.15,162.16
2026-06-22,LJ14,6085.77,331.5,220,132.0,1761.86,174.94
2026-06-23,LJ01,8643.29,927.14,318,81.0,2726.64,295.28
2026-06-23,LJ02,6501.46,296.76,235,55.0,1880.71,80.68
2026-06-23,LJ03,5434.98,318.45,209,69.0,1574.58,91.87
2026-06-23,LJ04,5660.5,226.03,210,47.0,1659.53,49.85
2026-06-23,LJ05,3774.04,73.8,217,22.0,941.28,19.49
2026-06-23,LJ06,7380.02,369.29,245,94.0,1866.37,64.82
2026-06-23,LJ07,4351.78,136.2,180,43.0,1181.19,68.14
2026-06-23,LJ08,6249.34,301.55,273,52.0,2329.23,163.53
2026-06-23,LJ09,5100.48,279.43,199,74.0,1423.4,58.11
2026-06-23,LJ10,7382.43,335.84,267,91.0,2158.43,143.12
2026-06-23,LJ11,3477.41,49.57,215,16.0,886.79,20.85
2026-06-23,LJ12,7855.41,403.76,273,113.0,2384.22,375.69
2026-06-23,LJ13,4597.84,151.56,173,52.0,1399.64,185.01
2026-06-23,LJ14,6891.8,421.67,251,122.0,2020.79,253.01
2026-06-24,LJ01,9269.76,1056.04,336,78.0,2805.95,236.51
2026-06-24,LJ02,6364.45,311.91,236,59.0,1778.85,89.09
2026-06-24,LJ03,5444.91,276.82,225,68.0,1551.15,81.56
2026-06-24,LJ04,6146.99,218.98,237,44.0,1741.46,54.49
2026-06-24,LJ05,3457.33,71.13,199,22.0,881.08,12.21
2026-06-24,LJ06,6941.59,287.63,252,87.0,1814.64,85.53
2026-06-24,LJ07,5698.39,168.33,220,40.0,1548.84,69.25
2026-06-24,LJ08,5292.16,365.1,244,57.0,1894.15,82.0
2026-06-24,LJ09,5444.71,321.47,203,81.0,1631.55,104.46
2026-06-24,LJ10,7560.31,297.49,266,94.0,2024.82,149.23
2026-06-24,LJ11,3931.07,58.66,234,16.0,1011.76,18.32
2026-06-24,LJ12,8048.52,392.67,276,119.0,2225.35,195.42
2026-06-24,LJ13,4991.57,172.89,193,54.0,1473.8,157.78
2026-06-24,LJ14,7873.83,343.71,269,127.0,2134.52,218.51
2026-06-25,LJ01,8113.02,838.59,320,80.0,2440.47,208.19
2026-06-25,LJ02,6335.27,241.4,236,55.0,1679.43,64.44
2026-06-25,LJ03,4777.24,272.69,183,65.0,1427.46,84.49
2026-06-25,LJ04,7016.99,300.68,264,51.0,1892.97,98.83
2026-06-25,LJ05,3495.66,69.67,208,21.0,909.59,20.78
2026-06-25,LJ06,8256.77,394.79,279,101.0,2328.38,92.87
2026-06-25,LJ07,5358.48,170.4,205,39.0,1504.04,89.19
2026-06-25,LJ08,5672.17,311.7,249,57.0,2148.92,106.23
2026-06-25,LJ09,4917.66,195.67,194,84.0,1537.74,85.72
2026-06-25,LJ10,7113.75,352.54,273,96.0,1974.19,228.87
2026-06-25,LJ11,3669.65,76.38,228,15.0,929.08,27.1
2026-06-25,LJ12,8439.32,416.9,275,112.0,2524.74,368.31
2026-06-25,LJ13,5317.97,161.86,212,56.0,1577.34,125.67
2026-06-25,LJ14,7334.28,322.39,260,124.0,2210.4,277.01
2026-06-26,LJ01,9740.59,1246.9,357,78.0,2985.33,280.68
2026-06-26,LJ02,7574.59,349.34,266,57.0,1939.97,89.59
2026-06-26,LJ03,5512.85,319.45,224,73.0,1668.44,91.68
2026-06-26,LJ04,9701.52,352.19,367,56.0,2782.12,162.46
2026-06-26,LJ05,3984.43,86.5,245,22.0,986.18,18.49
2026-06-26,LJ06,6817.7,294.05,231,96.0,1962.05,81.75
2026-06-26,LJ07,6781.75,246.75,265,48.0,1884.54,96.94
2026-06-26,LJ08,6088.78,373.11,263,54.0,2284.86,111.84
2026-06-26,LJ09,4912.92,277.84,192,78.0,1442.83,85.67
2026-06-26,LJ10,8111.37,430.3,288,85.0,2339.14,219.79
2026-06-26,LJ11,3968.89,67.0,246,15.0,1003.88,25.11
2026-06-26,LJ12,8947.09,457.85,307,103.0,2711.53,381.76
2026-06-26,LJ13,7121.32,252.91,288,57.0,2060.0,181.42
2026-06-26,LJ14,8121.56,348.59,284,123.0,2370.16,359.62
2026-06-27,LJ01,5987.39,629.61,237,76.0,1793.75,139.78
2026-06-27,LJ02,9024.12,329.68,322,63.0,2592.92,106.0
2026-06-27,LJ03,3986.75,184.25,164,66.0,1213.11,61.7
2026-06-27,LJ04,10085.53,372.83,390,52.0,2807.64,168.49
2026-06-27,LJ05,2709.73,55.39,157,17.0,721.85,14.28
2026-06-27,LJ06,5284.76,302.44,192,85.0,1351.18,57.69
2026-06-27,LJ07,7694.04,235.73,303,45.0,2272.37,131.42
2026-06-27,LJ08,4584.06,215.46,206,51.0,1735.12,133.19
2026-06-27,LJ09,3860.67,161.49,145,76.0,1117.25,85.11
2026-06-27,LJ10,6654.86,292.94,257,88.0,1979.72,204.59
2026-06-27,LJ11,3109.3,66.06,183,13.0,745.7,11.29
2026-06-27,LJ12,6412.28,313.08,222,96.0,1970.57,259.64
2026-06-27,LJ13,8365.93,318.59,308,62.0,2314.09,217.54
2026-06-27,LJ14,5055.96,299.77,179,107.0,1419.45,145.81
2026-06-28,LJ01,4518.25,588.54,171,67.0,1291.93,119.01
2026-06-28,LJ02,7204.42,251.27,248,57.0,1873.14,82.57
2026-06-28,LJ03,2564.55,145.4,100,57.0,753.66,36.11
2026-06-28,LJ04,7202.0,241.12,288,52.0,1957.38,66.38
2026-06-28,LJ05,1343.13,24.92,80,16.0,338.02,7.12
2026-06-28,LJ06,2979.36,140.92,108,75.0,772.81,23.55
2026-06-28,LJ07,5615.78,246.15,219,40.0,1471.15,81.77
2026-06-28,LJ08,2909.3,182.06,131,47.0,998.33,42.3
2026-06-28,LJ09,2302.66,94.0,88,70.0,643.35,35.92
2026-06-28,LJ10,3492.59,129.36,131,67.0,990.7,64.53
2026-06-28,LJ11,1332.93,21.45,83,10.0,315.19,9.34
2026-06-28,LJ12,4305.44,169.67,150,88.0,1240.8,136.9
2026-06-28,LJ13,5806.68,218.44,215,56.0,1724.92,120.78
2026-06-28,LJ14,3253.36,192.06,115,98.0,939.17,90.04
2026-06-29,LJ01,8654.02,1097.75,342,72.0,2604.97,274.93
2026-06-29,LJ02,6194.65,224.37,226,58.0,1685.76,49.81
2026-06-29,LJ03,4905.05,310.53,202,62.0,1474.06,71.98
2026-06-29,LJ04,6383.94,219.79,243,43.0,1695.93,87.55
2026-06-29,LJ05,3968.37,81.86,234,19.0,954.39,19.46
2026-06-29,LJ06,5890.6,294.05,210,89.0,1628.94,53.06
2026-06-29,LJ07,4514.44,177.13,178,39.0,1260.58,55.28
2026-06-29,LJ08,5410.92,345.58,240,53.0,2073.55,144.52
2026-06-29,LJ09,4274.32,260.18,168,76.0,1236.69,48.19
2026-06-29,LJ10,6897.32,315.11,255,90.0,1951.24,198.62
2026-06-29,LJ11,4481.9,92.22,274,15.0,1176.0,29.25
2026-06-29,LJ12,9156.02,458.0,308,109.0,2731.59,272.46
2026-06-29,LJ13,4197.18,155.02,166,51.0,1167.61,139.98
2026-06-29,LJ14,6303.72,337.61,221,127.0,1788.28,290.77
2026-06-30,LJ01,9167.35,987.79,333,81.0,2574.45,287.15
2026-06-30,LJ02,5459.8,215.82,205,57.0,1474.16,71.65
2026-06-30,LJ03,5133.65,230.68,204,68.0,1528.58,66.94
2026-06-30,LJ04,6059.64,203.51,233,46.0,1662.91,83.91
2026-06-30,LJ05,3250.25,65.76,202,20.0,779.45,19.12
2026-06-30,LJ06,6591.63,354.13,231,91.0,1637.53,79.69
2026-06-30,LJ07,5432.38,203.01,206,43.0,1458.86,72.32
2026-06-30,LJ08,5723.14,381.13,259,51.0,2190.86,108.22
2026-06-30,LJ09,5250.95,210.06,205,80.0,1626.66,91.61
2026-06-30,LJ10,8167.83,286.15,313,90.0,2204.98,252.67
2026-06-30,LJ11,4067.12,81.14,255,14.0,967.49,24.16
2026-06-30,LJ12,7512.38,340.83,257,114.0,2186.57,215.42
2026-06-30,LJ13,5621.87,234.29,210,57.0,1536.53,145.59
2026-06-30,LJ14,6169.55,345.09,216,125.0,1699.71,218.58
